Sequence,Date - Time,Frequency [MHz],Channel,Modulation,Bandwidth [KHz],SF,Coding rate,ADR,RSSI [dBm],SNR [dB],Port,Payload ,Led 3 status,Athmospheric pressure,Temperature,Altitude (Pressure based),Battery status,Latitude,Longitude,Altitude
8521,2015-07-08 14:34:36,867.9,3,LoRa,125,SF11,4/5,on,-122,-12,2,0026c20bf003b5424040a404171900fd,00,26c2,0bf0,03b5,25.98 %,45.17754616469695,5.751879900917995,00fd
8513,2015-07-08 14:34:29,867.9,3,LoRa,125,SF12,4/5,on,-121,-7.2,2,0026c30bf003b1434040b004171400f8,00,26c3,0bf0,03b1,26.38 %,45.17767491074501,5.75177261254461,00f8
8509,2015-07-08 14:34:25,867.9,3,LoRa,125,SF9,4/5,on,-122,-12,2,0026c30bf603b2414040b004171400f8,00,26c3,0bf6,03b2,25.59 %,45.17767491074501,5.75177261254461,00f8
8499,2015-07-08 14:34:16,868.75,0,LoRa,125,SF12,4/5,on,-122,-12.5,2,0026c40bfc03af424040bd04171000f1,00,26c4,0bfc,03af,25.98 %,45.17781438563041,5.751686781845901,00f1
8485,2015-07-08 14:34:03,867.5,3,LoRa,125,SF12,4/5,on,-121,-4.5,2,0026c30c0303b6414040cc04170e00eb,00,26c3,0c03,03b6,25.59 %,45.17797531819049,5.751643866496547,00eb
8481,2015-07-08 14:34:00,867.9,3,LoRa,125,SF9,4/5,on,-124,-6,2,0026c20bfc03b73e4040dc04170b00e6,00,26c2,0bfc,03b7,24.41 %,45.17814697958791,5.751579493472516,00e6
8471,2015-07-08 14:33:51,867.1,0,LoRa,125,SF12,4/5,on,-122,-8.8,2,0026c40c0903ad3f4040e904170700e2,00,26c4,0c09,03ad,24.8 %,45.17828645447331,5.751493662773807,00e2
8469,2015-07-08 14:33:48,867.9,3,LoRa,125,SF7,4/5,on,-121,-5.8,2,0026c10c0903b9414040e904170700e2,00,26c1,0c09,03b9,25.59 %,45.17828645447331,5.751493662773807,00e2
8457,2015-07-08 14:33:38,867.9,3,LoRa,125,SF12,4/5,on,-122,-12.2,2,0026c40c2203a63f4040f704170500e0,00,26c4,0c22,03a6,24.8 %,45.17843665819605,5.751450747424453,00e0
8451,2015-07-08 14:33:33,867.1,0,LoRa,125,SF11,4/5,on,-121,-10.2,2,0026c40c2203aa404040f704170500e0,00,26c4,0c22,03aa,25.2 %,45.17843665819605,5.751450747424453,00e0
8419,2015-07-08 14:33:03,869.4,0,LoRa,125,SF8,4/5,on,-122,-10,2,0026c20c4103bc414041170416f700d1,00,26c2,0c41,03bc,25.59 %,45.17877998099088,5.751150339978974,00d1
8409,2015-07-08 14:32:55,867.9,3,LoRa,125,SF11,4/5,on,-120,-6,2,0026c10c5403c14040411c0416ec00d1,00,26c1,0c54,03c1,25.2 %,45.178833625177575,5.750914305557526,00d1
8305,2015-07-08 14:31:21,867.9,3,LoRa,125,SF10,4/5,on,-124,-13.8,2,0026c80c73038c424040e20415e700d7,00,26c8,0c73,038c,25.98 %,45.17821135261194,5.745313852466804,00d7
8283,2015-07-08 14:31:01,867.75,0,LoRa,125,SF11,4/5,on,-122,-11,2,0026c60c6d03983f4040a504159700d8,00,26c6,0c6d,0398,24.8 %,45.17755689353429,5.743597238492637,00d8
8163,2015-07-08 14:29:13,867.1,0,LoRa,125,SF12,4/5,on,-124,-13.8,2,0026c20c3b03b940403ee00415f800ca,00,26c2,0c3b,03b9,25.2 %,45.172696730219926,5.745678632936315,00ca
8149,2015-07-08 14:29:00,867.5,3,LoRa,125,SF12,4/5,on,-122,-17.2,2,0026c40c3503b641403ecf0415f500cd,00,26c4,0c35,03b6,25.59 %,45.17251433998517,5.7456142599122835,00cd
8121,2015-07-08 14:28:35,867.9,3,LoRa,125,SF12,4/5,on,-122,-12.5,2,0026c30c2203af41403eba0415d400cc,00,26c3,0c22,03af,25.59 %,45.17228903440106,5.744906156647939,00cc
8045,2015-07-08 14:27:26,867.9,3,LoRa,125,SF11,4/5,on,-124,-5.5,2,0026c20be303b740403e3604150900df,00,26c2,0be3,03b7,25.2 %,45.17087282787237,5.740550248688489,00df
8023,2015-07-08 14:27:06,867.1,0,LoRa,125,SF12,4/5,on,-122,-12,2,0026c30bd703b13e403e320414fb00e0,00,26c3,0bd7,03b1,24.41 %,45.17082991252302,5.74024984124301,00e0
8009,2015-07-08 14:26:54,868.75,3,LoRa,125,SF12,4/5,on,-122,-13.8,2,0026c40bd103a840403e320414fa00e1,00,26c4,0bd1,03a8,25.2 %,45.17082991252302,5.740228383568333,00e1
8003,2015-07-08 14:26:49,867.1,0,LoRa,125,SF11,4/5,on,-122,-10,2,0026c40bc403ad42403e280414eb00e3,00,26c4,0bc4,03ad,25.98 %,45.17072262414963,5.739906518448176,00e3
7981,2015-07-08 14:26:28,869.4,3,LoRa,125,SF12,4/5,on,-125,-13.5,2,0026c60bbe039740403e280414de00e2,00,26c6,0bbe,0397,25.2 %,45.17072262414963,5.739627568677374,00e2
7975,2015-07-08 14:26:23,867.25,0,LoRa,125,SF11,4/5,on,-122,-15.5,2,0026c50bb1039b3f403e280414de00e2,00,26c5,0bb1,039b,24.8 %,45.17072262414963,5.739627568677374,00e2
7961,2015-07-08 14:26:11,867.25,3,LoRa,125,SF11,4/5,on,-122,-15.5,2,0026c40ba503a23f403e280414de00e2,00,26c4,0ba5,03a2,24.8 %,45.17072262414963,5.739627568677374,00e2
7929,2015-07-08 14:25:41,867.1,3,LoRa,125,SF8,4/5,on,-124,-9.5,2,0026c40b9f03aa40403e090414ab00e5,00,26c4,0b9f,03aa,25.2 %,45.17039003019214,5.738533227268842,00e5
7827,2015-07-08 14:24:09,867.1,0,LoRa,125,SF12,4/5,on,-122,-14,2,0026c40bb803af3f403d7f0413a600df,00,26c4,0bb8,03af,24.8 %,45.16890945063942,5.732932774178121,00df
7821,2015-07-08 14:24:04,867.25,3,LoRa,125,SF11,4/5,on,-122,-9.2,2,0026c30bb803a041403d7f0413a600df,00,26c3,0bb8,03a0,25.59 %,45.16890945063942,5.732932774178121,00df
7801,2015-07-08 14:23:46,867.1,3,LoRa,125,SF10,4/5,on,-121,-11.2,2,0026c50bc403a840403d7f0413a600df,00,26c5,0bc4,03a8,25.2 %,45.16890945063942,5.732932774178121,00df
7799,2015-07-08 14:23:44,867.1,0,LoRa,125,SF12,4/5,on,-120,-9,2,0026c30bca03b441403d7f0413a600df,00,26c3,0bca,03b4,25.59 %,45.16890945063942,5.732932774178121,00df
7787,2015-07-08 14:23:33,867.1,0,LoRa,125,SF10,4/5,on,-121,-14.2,2,0026c30bca03aa41403d7f0413a600df,00,26c3,0bca,03aa,25.59 %,45.16890945063942,5.732932774178121,00df
7779,2015-07-08 14:23:26,867.9,0,LoRa,125,SF11,4/5,on,-121,-12.5,2,0026c30bc403b241403d7c0413a400e0,00,26c3,0bc4,03b2,25.59 %,45.1688772641274,5.7328898588287664,00e0
7729,2015-07-08 14:22:41,867.75,3,LoRa,125,SF12,4/5,on,-122,-9.2,2,0026c10be303c840403d8f04136300e1,00,26c1,0be3,03c8,25.2 %,45.169081112036835,5.731495109974755,00e1
7723,2015-07-08 14:22:36,867.25,0,LoRa,125,SF11,4/5,on,-124,-11,2,0026c10bdd03bd3f403d8f04136300e1,00,26c1,0bdd,03bd,24.8 %,45.169081112036835,5.731495109974755,00e1
7639,2015-07-08 14:21:20,867.75,0,LoRa,125,SF11,4/5,on,-121,-11,2,0026c10bf603c340403e020412d300e6,00,26c1,0bf6,03c3,25.2 %,45.17031492833077,5.728405204821254,00e6
7583,2015-07-08 14:20:29,867.25,0,LoRa,125,SF11,4/5,on,-121,-11.2,2,0026c10c0303c741403e5304126b00e4,00,26c1,0c03,03c7,25.59 %,45.17118396415519,5.726173606654836,00e4
7519,2015-07-08 14:19:31,867.1,0,LoRa,125,SF12,4/5,on,-122,-12,2,0026c10c2203bd43403e7b04122f00dc,00,26c1,0c22,03bd,26.38 %,45.17161311764873,5.72488614617421,00dc
7513,2015-07-08 14:19:26,867.25,3,LoRa,125,SF11,4/5,on,-121,-12,2,0026c20c1c03be40403e7b04122f00dc,00,26c2,0c1c,03be,25.2 %,45.17161311764873,5.72488614617421,00dc
7507,2015-07-08 14:19:21,868.6,0,LoRa,125,SF10,4/5,on,-122,-10,2,0026c20c1c03b940403e7b04122f00dc,00,26c2,0c1c,03b9,25.2 %,45.17161311764873,5.72488614617421,00dc
7499,2015-07-08 14:19:13,867.1,0,LoRa,125,SF11,4/5,on,-121,-10.8,2,0026c10c2203bb42403e7b04122f00dc,00,26c1,0c22,03bb,25.98 %,45.17161311764873,5.72488614617421,00dc
7491,2015-07-08 14:19:06,868.6,0,LoRa,125,SF12,4/5,on,-124,-12.5,2,0026c20c2e03bd41403e7b04122f00dc,00,26c2,0c2e,03bd,25.59 %,45.17161311764873,5.72488614617421,00dc
7471,2015-07-08 14:18:48,867.5,0,LoRa,125,SF11,4/5,on,-122,-10.8,2,0026c10c2e03bc3f403e7a04122e00dc,00,26c1,0c2e,03bc,24.8 %,45.171602388811394,5.724864688499533,00dc
7387,2015-07-08 14:17:32,867.9,0,LoRa,125,SF11,4/5,on,-120,-6.8,2,0026c30c3503af41403ef004116300e6,00,26c3,0c35,03af,25.59 %,45.17286839161734,5.720508780540083,00e6
7355,2015-07-08 14:17:03,867.9,0,LoRa,125,SF8,4/5,on,-121,-7.8,2,0026c20c4103b43f403f280410f800e8,00,26c2,0c41,03b4,24.8 %,45.1734692065083,5.718212809349633,00e8
7351,2015-07-08 14:16:59,867.1,0,LoRa,125,SF12,4/5,on,-119,-6.8,2,0026c20c4103b040403f270410f800e8,00,26c2,0c41,03b0,25.2 %,45.17345847767096,5.718212809349633,00e8
7347,2015-07-08 14:16:56,867.9,0,LoRa,125,SF9,4/5,on,-121,-6.8,2,0026c20c4103b441403f270410f800e8,00,26c2,0c41,03b4,25.59 %,45.17345847767096,5.718212809349633,00e8
7309,2015-07-08 14:16:22,869.25,3,LoRa,125,SF12,4/5,on,-121,-14.5,2,0026c30c4e03b842403f270410f200e7,00,26c3,0c4e,03b8,25.98 %,45.17345847767096,5.71808406330157,00e7
7303,2015-07-08 14:16:17,867.1,0,LoRa,125,SF11,4/5,on,-122,-7.8,2,0026c20c4e03bb40403f270410f200e7,00,26c2,0c4e,03bb,25.2 %,45.17345847767096,5.71808406330157,00e7
7275,2015-07-08 14:15:51,867.9,0,LoRa,125,SF11,4/5,on,-122,-6.5,2,0026c10c4e03b542403f580410a900e9,00,26c1,0c4e,03b5,25.98 %,45.17398419070055,5.7165176530501425,00e9
7251,2015-07-08 14:15:28,867.1,0,LoRa,125,SF7,4/5,on,-115,0,2,0026c20c5403b641403f8304104300e5,00,26c2,0c54,03b6,25.59 %,45.17444553070611,5.714328970233079,00e5
7247,2015-07-08 14:15:26,869.4,0,LoRa,125,SF11,4/5,on,-113,-1,2,0026c20c5403ae42403f8304104300e5,00,26c2,0c54,03ae,25.98 %,45.17444553070611,5.714328970233079,00e5
7243,2015-07-08 14:15:22,867.9,0,LoRa,125,SF8,4/5,on,-117,-1,2,0026c30c5403b240403f8304104300e5,00,26c3,0c54,03b2,25.2 %,45.17444553070611,5.714328970233079,00e5
7239,2015-07-08 14:15:18,867.1,0,LoRa,125,SF12,4/5,on,-119,-4.5,2,0026c40c5a03ac42403f8404103c00e5,00,26c4,0c5a,03ac,25.98 %,45.17445625954345,5.714178766510339,00e5
7235,2015-07-08 14:15:15,867.1,0,LoRa,125,SF9,4/5,on,-122,-2.5,2,0026c30c5a03b140403f8404103c00e5,00,26c3,0c5a,03b1,25.2 %,45.17445625954345,5.714178766510339,00e5
7225,2015-07-08 14:15:06,867.9,3,LoRa,125,SF12,4/5,on,-121,-7.2,2,0026c40c5a03b142403f8404103c00e5,00,26c4,0c5a,03b1,25.98 %,45.17445625954345,5.714178766510339,00e5
7219,2015-07-08 14:15:01,868.6,0,LoRa,125,SF11,4/5,on,-121,-4.5,2,0026c30c5403a840403f8404103c00e5,00,26c3,0c54,03a8,25.2 %,45.17445625954345,5.714178766510339,00e5
7209,2015-07-08 14:14:51,867.1,3,LoRa,125,SF7,4/5,on,-121,-3.2,2,0026c30c5a03bb42403f8404103c00e5,00,26c3,0c5a,03bb,25.98 %,45.17445625954345,5.714178766510339,00e5
7185,2015-07-08 14:14:30,867.9,3,LoRa,125,SF10,4/5,on,-122,-5.2,2,0026c30c5403ad42403f8304103c00e5,00,26c3,0c54,03ad,25.98 %,45.17444553070611,5.714178766510339,00e5
7181,2015-07-08 14:14:25,867.9,3,LoRa,125,SF7,4/5,on,-120,-3,2,0026c20c5403ad40403f8304103c00e5,00,26c2,0c54,03ad,25.2 %,45.17444553070611,5.714178766510339,00e5
7177,2015-07-08 14:14:23,867.75,3,LoRa,125,SF11,4/5,on,-120,-4.2,2,0026c30c4e03b73f403f8304103c00e5,00,26c3,0c4e,03b7,24.8 %,45.17444553070611,5.714178766510339,00e5
7169,2015-07-08 14:14:15,868.75,3,LoRa,125,SF12,4/5,on,-121,-10.2,2,0026c30c5a03ac42403f8304103c00e5,00,26c3,0c5a,03ac,25.98 %,45.17444553070611,5.714178766510339,00e5
7145,2015-07-08 14:13:53,869.4,3,LoRa,125,SF8,4/5,on,-124,-6.8,2,0026c30c4e03b641403f8004103d00e5,00,26c3,0c4e,03b6,25.59 %,45.17441334419409,5.714200224185016,00e5
7141,2015-07-08 14:13:50,867.5,3,LoRa,125,SF12,4/5,on,-124,-7.8,2,0026c40c4e03ad42403f7e04103d00e6,00,26c4,0c4e,03ad,25.98 %,45.174391886519416,5.714200224185016,00e6
7139,2015-07-08 14:13:47,867.1,0,LoRa,125,SF7,4/5,on,-121,-5.8,2,0026c40c5403aa41403f7e04103d00e6,00,26c4,0c54,03aa,25.59 %,45.174391886519416,5.714200224185016,00e6
7131,2015-07-08 14:13:41,867.5,0,LoRa,125,SF8,4/5,on,-122,-11.8,2,0026c30c5403b541403f7e04103d00e6,00,26c3,0c54,03b5,25.59 %,45.174391886519416,5.714200224185016,00e6
7121,2015-07-08 14:13:32,868.6,3,LoRa,125,SF11,4/5,on,-121,-12,2,0026c20c4703b940403f7e04103d00e6,00,26c2,0c47,03b9,25.2 %,45.174391886519416,5.714200224185016,00e6
7117,2015-07-08 14:13:28,867.1,3,LoRa,125,SF8,4/5,on,-119,-1.8,2,0026c40c4e03b43f403f7e04103d00e6,00,26c4,0c4e,03b4,24.8 %,45.174391886519416,5.714200224185016,00e6
7113,2015-07-08 14:13:25,867.9,3,LoRa,125,SF12,4/5,on,-124,-3.2,2,0026c50c5403a842403f7e04103d00e6,00,26c5,0c54,03a8,25.98 %,45.174391886519416,5.714200224185016,00e6
7095,2015-07-08 14:13:08,867.1,0,LoRa,125,SF9,4/5,on,-122,-8.8,2,0026c40c5403a340403f7d04103d00e6,00,26c4,0c54,03a3,25.2 %,45.17438115768208,5.714200224185016,00e6
7093,2015-07-08 14:13:07,867.9,3,LoRa,125,SF11,4/5,on,-112,-8.5,2,0026c40c54039e42403f7d04103d00e6,00,26c4,0c54,039e,25.98 %,45.17438115768208,5.714200224185016,00e6
7071,2015-07-08 14:12:47,867.1,0,LoRa,125,SF12,4/5,on,-122,-4.5,2,0026c50c6703a640403f7d04103d00e6,00,26c5,0c67,03a6,25.2 %,45.17438115768208,5.714200224185016,00e6
7067,2015-07-08 14:12:43,867.1,0,LoRa,125,SF9,4/5,on,-121,-7.2,2,0026c40c6703a740403f7d04103d00e6,00,26c4,0c67,03a7,25.2 %,45.17438115768208,5.714200224185016,00e6
7061,2015-07-08 14:12:37,868.75,3,LoRa,125,SF8,4/5,on,-121,-3.5,2,0026c40c6703ac41403f7c04103d00e6,00,26c4,0c67,03ac,25.59 %,45.17437042884474,5.714200224185016,00e6
7051,2015-07-08 14:12:29,867.1,0,LoRa,125,SF11,4/5,on,-121,-7.8,2,0026c40c67039f3f403f7a04103e00e7,00,26c4,0c67,039f,24.8 %,45.17434897117006,5.714221681859693,00e7
7047,2015-07-08 14:12:25,867.5,0,LoRa,125,SF8,4/5,on,-119,-2.5,2,0026c40c6003a541403f7a04103e00e7,00,26c4,0c60,03a5,25.59 %,45.17434897117006,5.714221681859693,00e7
7033,2015-07-08 14:12:12,867.1,3,LoRa,125,SF8,4/5,on,-120,-1,2,0026c30c6003b141403f7504104300e6,00,26c3,0c60,03b1,25.59 %,45.17429532698337,5.714328970233079,00e6
7025,2015-07-08 14:12:05,867.75,3,LoRa,125,SF9,4/5,on,-120,-2,2,0026c40c5a03ab40403f7304104a00e4,00,26c4,0c5a,03ab,25.2 %,45.17427386930869,5.7144791739558185,00e4
7009,2015-07-08 14:11:51,867.9,3,LoRa,125,SF11,4/5,on,-111,-2.8,2,0026c30c6003a842403f7404104800e1,00,26c3,0c60,03a8,25.98 %,45.17428459814603,5.714436258606464,00e1
6999,2015-07-08 14:11:41,867.9,0,LoRa,125,SF7,4/5,on,-117,0.8,2,0026c30c6003a841403f7104104500df,00,26c3,0c60,03a8,25.59 %,45.174252411634015,5.714371885582433,00df
6995,2015-07-08 14:11:38,867.1,0,LoRa,125,SF11,4/5,on,-121,-1.8,2,0026c20c6003bc42403f7104104500df,00,26c2,0c60,03bc,25.98 %,45.174252411634015,5.714371885582433,00df
6991,2015-07-08 14:11:34,869.25,0,LoRa,125,SF8,4/5,on,-119,-1,2,0026c30c6703ac3f403f7104104500df,00,26c3,0c67,03ac,24.8 %,45.174252411634015,5.714371885582433,00df
6985,2015-07-08 14:11:28,867.5,3,LoRa,125,SF7,4/5,on,-116,1.5,2,0026c40c6703aa40403f6e04104100df,00,26c4,0c67,03aa,25.2 %,45.174220225122,5.714286054883725,00df
6971,2015-07-08 14:11:16,867.1,0,LoRa,125,SF7,4/5,on,-119,-2.5,2,0026c10c7303c641403f6e04104100df,00,26c1,0c73,03c6,25.59 %,45.174220225122,5.714286054883725,00df
6967,2015-07-08 14:11:13,867.1,0,LoRa,125,SF11,4/5,on,-118,0.2,2,0026c10c7903bf41403f6e04104100df,00,26c1,0c79,03bf,25.59 %,45.174220225122,5.714286054883725,00df
6939,2015-07-08 14:10:48,867.5,0,LoRa,125,SF11,4/5,on,-120,-4.2,2,0026c00c7903c340403ee404102a00eb,00,26c0,0c79,03c3,25.2 %,45.17273964556928,5.7137925283661515,00eb
6875,2015-07-08 14:09:50,867.1,0,LoRa,125,SF12,4/5,on,-119,-1.2,2,0026bf0c7903d040403dae040ffe00e6,00,26bf,0c79,03d0,25.2 %,45.16941370599433,5.712848390680359,00e6
6871,2015-07-08 14:09:46,867.1,0,LoRa,125,SF9,4/5,on,-121,0.8,2,0026bf0c7303d53e403dae040ffe00e6,00,26bf,0c73,03d5,24.41 %,45.16941370599433,5.712848390680359,00e6
6831,2015-07-08 14:09:09,867.9,0,LoRa,125,SF7,4/5,on,-120,-4,2,0026c20cb203b840403da1040fff00e2,00,26c2,0cb2,03b8,25.2 %,45.16927423110893,5.712869848355036,00e2
6771,2015-07-08 14:08:16,867.25,0,LoRa,125,SF11,4/5,on,-121,-4,2,0026bb0cb803f33f403be1040fb400e4,00,26bb,0cb8,03f3,24.8 %,45.16446771198126,5.711260522754254,00e4
6749,2015-07-08 14:07:56,867.25,3,LoRa,125,SF12,4/5,on,-116,-2.2,2,0026be0cbe03de41403ba8040fad00e2,00,26be,0cbe,03de,25.59 %,45.16385616825296,5.711110319031515,00e2
6747,2015-07-08 14:07:53,867.5,0,LoRa,125,SF7,4/5,on,-119,-1.8,2,0026be0cbe03e63f403ba8040fad00e2,00,26be,0cbe,03e6,24.8 %,45.16385616825296,5.711110319031515,00e2
6721,2015-07-08 14:07:31,867.75,3,LoRa,125,SF12,4/5,on,-121,-6,2,0026bb0cbe03fe3d403ae7040f8900e2,00,26bb,0cbe,03fe,24.02 %,45.16178550264662,5.710337842743139,00e2
6715,2015-07-08 14:07:26,867.5,0,LoRa,125,SF11,4/5,on,-119,-4,2,0026b80cbe03ff41403ae7040f8900e2,00,26b8,0cbe,03ff,25.59 %,45.16178550264662,5.710337842743139,00e2
6701,2015-07-08 14:07:13,867.5,3,LoRa,125,SF11,4/5,on,-121,-4.5,2,0026ba0cbe04023f403ab1040f8100e1,00,26ba,0cbe,0402,24.8 %,45.16120614543034,5.7101661813457225,00e1
6687,2015-07-08 14:07:00,867.1,0,LoRa,125,SF11,4/5,on,-121,-4.8,2,0026bb0cc403f441403a8f040f7800e4,00,26bb,0cc4,03f4,25.59 %,45.16084136496083,5.709973062273629,00e4
6665,2015-07-08 14:06:40,867.1,3,LoRa,125,SF12,4/5,on,-121,-6,2,0026ba0cc403f83f4039d1040f5d00e1,00,26ba,0cc4,03f8,24.8 %,45.15880288586651,5.709393705057347,00e1
6642,2015-07-08 14:06:19,867.5,3,LoRa,125,SF7,4/5,on,-120,-2.2,2,0026b90cc404094040397d040f4f00df,00,26b9,0cc4,0409,25.2 %,45.15790166353007,5.709093297611868,00df
6638,2015-07-08 14:06:16,867.1,3,LoRa,125,SF11,4/5,on,-124,-1.8,2,0026b80cbe04033e40397d040f4f00df,00,26b8,0cbe,0403,24.41 %,45.15790166353007,5.709093297611868,00df
6624,2015-07-08 14:06:03,868.75,0,LoRa,125,SF11,4/5,on,-112,-1.5,2,0026b80cbe04064040393a040f3f00de,00,26b8,0cbe,0406,25.2 %,45.157182831428386,5.708749974817034,00de
6610,2015-07-08 14:05:51,869.25,3,LoRa,125,SF11,4/5,on,-122,-0.8,2,0026b80cbe041d4140388f040f2200e7,00,26b8,0cbe,041d,25.59 %,45.155348200243495,5.7081277022513985,00e7
6596,2015-07-08 14:05:38,867.1,0,LoRa,125,SF11,4/5,on,-119,-1,2,0026b70cc4041e3e40382c040f1300ec,00,26b7,0cc4,041e,24.41 %,45.15428604534698,5.707805837131242,00ec
6546,2015-07-08 14:04:53,867.9,3,LoRa,125,SF12,4/5,on,-124,-4,2,0026b60ccb042241403728040ee700f0,00,26b6,0ccb,0422,25.59 %,45.151496547638956,5.70686169944545,00f0
6540,2015-07-08 14:04:48,867.25,0,LoRa,125,SF11,4/5,on,-122,0,2,0026b70cc4041f3f403728040ee700f0,00,26b7,0cc4,041f,24.8 %,45.151496547638956,5.70686169944545,00f0
6484,2015-07-08 14:03:57,868.6,0,LoRa,125,SF11,4/5,on,-121,-5.8,2,0026b50cc4042a4040360f040eb900f2,00,26b5,0cc4,042a,25.2 %,45.148481744346824,5.705874646410304,00f2
6476,2015-07-08 14:03:49,867.9,0,LoRa,125,SF12,4/5,on,-122,-4.2,2,0026b30ccb0438414035ae040ea800f2,00,26b3,0ccb,0438,25.59 %,45.147441047124985,5.705509865940793,00f2
6456,2015-07-08 14:03:32,867.5,0,LoRa,125,SF11,4/5,on,-121,-4.5,2,0026b30cbe04354040354c040e9700ee,00,26b3,0cbe,0435,25.2 %,45.14638962106581,5.705145085471282,00ee
6416,2015-07-08 14:02:55,867.1,0,LoRa,125,SF9,4/5,on,-121,-6.2,2,0026b10cbe04433e403511040e8c00e8,00,26b1,0cbe,0443,24.41 %,45.14575661966283,5.704909051049834,00e8
6414,2015-07-08 14:02:54,867.9,3,LoRa,125,SF11,4/5,on,-124,-8.5,2,0026b20cbe044040403511040e8c00e8,00,26b2,0cbe,0440,25.2 %,45.14575661966283,5.704909051049834,00e8
6410,2015-07-08 14:02:50,867.1,3,LoRa,125,SF8,4/5,on,-122,-8,2,0026b20cbe04383f4034f2040e8700ec,00,26b2,0cbe,0438,24.8 %,45.14542402570534,5.704801762676449,00ec
6406,2015-07-08 14:02:46,867.9,3,LoRa,125,SF12,4/5,on,-124,-8,2,0026b20cc40449404034f2040e8700ec,00,26b2,0cc4,0449,25.2 %,45.14542402570534,5.704801762676449,00ec
6400,2015-07-08 14:02:41,867.5,0,LoRa,125,SF11,4/5,on,-122,-9.8,2,0026b00cbe044c40403498040e7600f2,00,26b0,0cbe,044c,25.2 %,45.14445843034487,5.704436982206938,00f2
6350,2015-07-08 14:01:56,868.6,3,LoRa,125,SF12,4/5,on,-122,-10.5,2,0026af0cc404543e403342040e3e00f5,00,26af,0cc4,0454,24.41 %,45.140789167975086,5.703235352425021,00f5
6316,2015-07-08 14:01:25,868.75,0,LoRa,125,SF11,4/5,on,-120,-7.8,2,0026ad0cb8046a3e40325e040e1800f4,00,26ad,0cb8,046a,24.41 %,45.1383429930619,5.702419960787291,00f4
6292,2015-07-08 14:01:03,869.4,0,LoRa,125,SF7,4/5,on,-120,-6.5,2,0026ac0cbe046b41403233040e1100f2,00,26ac,0cbe,046b,25.59 %,45.13788165305634,5.702269757064552,00f2
6284,2015-07-08 14:00:56,867.9,0,LoRa,125,SF8,4/5,on,-120,-7.5,2,0026ae0cb8046040403223040e0e00f4,00,26ae,0cb8,0460,25.2 %,45.13770999165892,5.7022053840405205,00f4
6274,2015-07-08 14:00:47,867.75,3,LoRa,125,SF11,4/5,on,-124,-9.5,2,0026ac0cb804713e4031df040e0400f8,00,26ac,0cb8,0471,24.41 %,45.1369804307199,5.7019908072937495,00f8
6252,2015-07-08 14:00:27,869.4,0,LoRa,125,SF12,4/5,on,-121,-11.2,2,0026ab0cb804793f40316c040df100f8,00,26ab,0cb8,0479,24.8 %,45.13574661442597,5.701583111474885,00f8
6210,2015-07-08 13:59:49,868.6,3,LoRa,125,SF12,4/5,on,-121,-10.8,2,0026aa0cab049041403089040dca00f0,00,26aa,0cab,0490,25.59 %,45.13331116835012,5.700746262162478,00f0
6190,2015-07-08 13:59:32,867.1,3,LoRa,125,SF11,4/5,on,-122,-9.2,2,0026a70cab04933f403009040db900ed,00,26a7,0cab,0493,24.8 %,45.131937877170785,5.700381481692967,00ed
6182,2015-07-08 13:59:24,867.9,3,LoRa,125,SF12,4/5,on,-121,-9.8,2,0026a90cab049540403009040db900ed,00,26a9,0cab,0495,25.2 %,45.131937877170785,5.700381481692967,00ed
6172,2015-07-08 13:59:15,867.5,0,LoRa,125,SF8,4/5,on,-122,-9,2,0026a80ca504953f40300b040db800ee,00,26a8,0ca5,0495,24.8 %,45.13195933484546,5.70036002401829,00ee
6168,2015-07-08 13:59:11,867.1,0,LoRa,125,SF12,4/5,on,-122,-10.5,2,0026a90ca5049840402fea040db100f1,00,26a9,0ca5,0498,25.2 %,45.13160528321329,5.700209820295551,00f1
6148,2015-07-08 13:58:54,869.25,0,LoRa,125,SF11,4/5,on,-119,-9.8,2,0026a60c9904aa3e402f84040da100f1,00,26a6,0c99,04aa,24.41 %,45.13051094180476,5.699866497500717,00f1
6106,2015-07-08 13:58:16,867.5,3,LoRa,125,SF11,4/5,on,-122,-9.2,2,0026a70c8c04a63e402e9c040d7700f2,00,26a7,0c8c,04a6,24.41 %,45.128021851542215,5.698965275164279,00f2
6078,2015-07-08 13:57:50,867.9,3,LoRa,125,SF11,4/5,on,-124,-10.2,2,0026a40c8004b240402de8040d5a00f2,00,26a4,0c80,04b2,25.2 %,45.126090660821276,5.6983430025986435,00f2
6042,2015-07-08 13:57:18,867.75,3,LoRa,125,SF12,4/5,on,-122,-13,2,0026a60c8c04a940402de8040d5b00f3,00,26a6,0c8c,04a9,25.2 %,45.126090660821276,5.6983644602733206,00f3
6030,2015-07-08 13:57:07,869.25,3,LoRa,125,SF10,4/5,on,-124,-13.5,2,0026a60c8604a840402de8040d5b00f3,00,26a6,0c86,04a8,25.2 %,45.126090660821276,5.6983644602733206,00f3
6028,2015-07-08 13:57:05,867.9,0,LoRa,125,SF12,4/5,on,-122,-15,2,0026a60c8c04a93e402de8040d5b00f3,00,26a6,0c8c,04a9,24.41 %,45.126090660821276,5.6983644602733206,00f3
6022,2015-07-08 13:57:00,868.6,3,LoRa,125,SF11,4/5,on,-121,-12.8,2,0026a50c8604ab40402de9040d5b00f3,00,26a5,0c86,04ab,25.2 %,45.126101389658615,5.6983644602733206,00f3
6002,2015-07-08 13:56:42,867.1,3,LoRa,125,SF10,4/5,on,-121,-13,2,0026a60c8604a33d402de9040d5b00f3,00,26a6,0c86,04a3,24.02 %,45.126101389658615,5.6983644602733206,00f3
5982,2015-07-08 13:56:23,867.1,3,LoRa,125,SF9,4/5,on,-122,-11.2,2,0026a60c7904a840402de9040d5b00f3,00,26a6,0c79,04a8,25.2 %,45.126101389658615,5.6983644602733206,00f3
5944,2015-07-08 13:55:49,867.9,0,LoRa,125,SF12,4/5,on,-121,-15.5,2,0026a70c6d049f3f402de9040d5a00f3,00,26a7,0c6d,049f,24.8 %,45.126101389658615,5.6983430025986435,00f3
5938,2015-07-08 13:55:44,867.5,3,LoRa,125,SF11,4/5,on,-122,-13.5,2,0026a60c6704a23f402de9040d5a00f3,00,26a6,0c67,04a2,24.8 %,45.126101389658615,5.6983430025986435,00f3
5930,2015-07-08 13:55:36,867.9,3,LoRa,125,SF12,4/5,on,-122,-13,2,0026a70c6704a640402de9040d5a00f4,00,26a7,0c67,04a6,25.2 %,45.126101389658615,5.6983430025986435,00f4
5918,2015-07-08 13:55:26,869.4,3,LoRa,125,SF10,4/5,on,-125,-15,2,0026a70c5a04a13f402de9040d5900f4,00,26a7,0c5a,04a1,24.8 %,45.126101389658615,5.698321544923966,00f4
5902,2015-07-08 13:55:11,867.9,3,LoRa,125,SF12,4/5,on,-121,-11,2,0026a70c5404a441402de8040d5800f3,00,26a7,0c54,04a4,25.59 %,45.126090660821276,5.698300087249289,00f3
5888,2015-07-08 13:54:58,868.75,0,LoRa,125,SF12,4/5,on,-121,-13.5,2,0026a70c4704ab40402de9040d5800f4,00,26a7,0c47,04ab,25.2 %,45.126101389658615,5.698300087249289,00f4
5874,2015-07-08 13:54:46,867.9,3,LoRa,125,SF12,4/5,on,-122,-15,2,0026a60c3b04ac40402de9040d5800f4,00,26a6,0c3b,04ac,25.2 %,45.126101389658615,5.698300087249289,00f4
5850,2015-07-08 13:54:24,867.1,3,LoRa,125,SF8,4/5,on,-121,-6.5,2,0026a50c2204a641402de8040d5700f4,00,26a5,0c22,04a6,25.59 %,45.126090660821276,5.698278629574612,00f4
5848,2015-07-08 13:54:23,867.1,0,LoRa,125,SF10,4/5,on,-122,-14,2,0026a60c2804b141402de8040d5700f4,00,26a6,0c28,04b1,25.59 %,45.126090660821276,5.698278629574612,00f4
5840,2015-07-08 13:54:16,867.1,0,LoRa,125,SF11,4/5,on,-122,-9.5,2,0026a60c1c04a440402de8040d5700f4,00,26a6,0c1c,04a4,25.2 %,45.126090660821276,5.698278629574612,00f4
5834,2015-07-08 13:54:10,867.9,3,LoRa,125,SF10,4/5,on,-121,-8.8,2,0026a60c1c04a73f402dea040d5900f5,00,26a6,0c1c,04a7,24.8 %,45.12611211849595,5.698321544923966,00f5
5804,2015-07-08 13:53:43,867.75,0,LoRa,125,SF12,4/5,on,-121,-10,2,0026a60c1c04ad3e402ddb040d4e00f2,00,26a6,0c1c,04ad,24.41 %,45.125951185935875,5.698085510502518,00f2
5798,2015-07-08 13:53:38,867.5,3,LoRa,125,SF11,4/5,on,-122,-3.2,2,0026a40c2204b140402ddb040d4e00f2,00,26a4,0c22,04b1,25.2 %,45.125951185935875,5.698085510502518,00f2
5692,2015-07-08 13:52:02,869.4,0,LoRa,125,SF12,4/5,on,-121,-13,2,0026a80c2804973f402e49040d5800f8,00,26a8,0c28,0497,24.8 %,45.127131358043115,5.698300087249289,00f8
5678,2015-07-08 13:51:49,867.25,3,LoRa,125,SF12,4/5,on,-124,-13.8,2,0026a80c2204a13f402e58040d5900f7,00,26a8,0c22,04a1,24.8 %,45.127292290603194,5.698321544923966,00f7
5636,2015-07-08 13:51:11,867.1,0,LoRa,125,SF12,4/5,on,-122,-8.5,2,0026a80c22049041402e86040d6100fa,00,26a8,0c22,0490,25.59 %,45.12778581712077,5.698493206321383,00fa
5608,2015-07-08 13:50:46,868.75,0,LoRa,125,SF12,4/5,on,-122,-13.5,2,0026a70c35049a41402e9c040d6500fd,00,26a7,0c35,049a,25.59 %,45.128021851542215,5.6985790370200915,00fd
5524,2015-07-08 13:49:30,867.5,0,LoRa,125,SF12,4/5,on,-121,-14,2,0026a90c4e049241402f01040d7700e3,00,26a9,0c4e,0492,25.59 %,45.12910546411341,5.698965275164279,00e3
5490,2015-07-08 13:49:00,867.5,3,LoRa,125,SF11,4/5,on,-124,-13,2,0026a80c54048d41402f25040d7b00da,00,26a8,0c54,048d,25.59 %,45.129491702257596,5.699051105862988,00da
5476,2015-07-08 13:48:47,867.1,0,LoRa,125,SF11,4/5,on,-121,-11,2,0026a90c5a049040402f31040d7d00d9,00,26a9,0c5a,0490,25.2 %,45.12962044830566,5.699094021212342,00d9
5406,2015-07-08 13:47:44,867.9,3,LoRa,125,SF11,4/5,on,-120,-9.5,2,0026a80c4e04933e402f80040d8900d2,00,26a8,0c4e,0493,24.41 %,45.130468026455404,5.699351513308467,00d2
5378,2015-07-08 13:47:18,867.5,3,LoRa,125,SF11,4/5,on,-122,-12.2,2,0026a90c3b049442402fa2040d8e00d5,00,26a9,0c3b,0494,25.98 %,45.130832806924914,5.699458801681852,00d5
5364,2015-07-08 13:47:06,867.5,0,LoRa,125,SF11,4/5,on,-122,-11,2,0026a60c3b049941402faf040d9200d9,00,26a6,0c3b,0499,25.59 %,45.130972281810315,5.699544632380561,00d9
5350,2015-07-08 13:46:53,867.5,3,LoRa,125,SF11,4/5,on,-122,-12,2,0026a60c2e049840402fbf040d9400d9,00,26a6,0c2e,0498,25.2 %,45.13114394320773,5.699587547729915,00d9
5244,2015-07-08 13:45:17,867.5,0,LoRa,125,SF12,4/5,on,-122,-10.8,2,0026ab0bea047f3e40304c040daa00f7,00,26ab,0bea,047f,24.41 %,45.13265670927247,5.700059616572811,00f7
5238,2015-07-08 13:45:12,869.4,3,LoRa,125,SF11,4/5,on,-122,-15,2,0026a90bdd04843f403054040dad00f7,00,26a9,0bdd,0484,24.8 %,45.132742539971176,5.700123989596842,00f7
5230,2015-07-08 13:45:04,867.1,3,LoRa,125,SF12,4/5,on,-122,-13.2,2,0026aa0bdd048241403054040dad00f7,00,26aa,0bdd,0482,25.59 %,45.132742539971176,5.700123989596842,00f7
5181,2015-07-08 13:44:20,867.9,0,LoRa,125,SF12,4/5,on,-121,-8.5,2,0026ab0bbe048841403091040db900eb,00,26ab,0bbe,0488,25.59 %,45.13339699904883,5.700381481692967,00eb
5161,2015-07-08 13:44:02,867.1,0,LoRa,125,SF11,4/5,on,-121,-3.5,2,0026aa0bb104853e40309d040dba00e9,00,26aa,0bb1,0485,24.41 %,45.13352574509689,5.7004029393676445,00e9
5149,2015-07-08 13:43:51,868.6,0,LoRa,125,SF9,4/5,on,-121,-2.5,2,0026aa0bb80489404030b4040dbe00ea,00,26aa,0bb8,0489,25.2 %,45.133772508355676,5.700488770066353,00ea
5147,2015-07-08 13:43:50,868.6,3,LoRa,125,SF11,4/5,on,-122,-5.2,2,0026a90bb10489414030b4040dbe00ea,00,26a9,0bb1,0489,25.59 %,45.133772508355676,5.700488770066353,00ea
5135,2015-07-08 13:43:39,867.1,3,LoRa,125,SF9,4/5,on,-121,-11.5,2,0026aa0bb10481414030b5040dbe00ea,00,26aa,0bb1,0481,25.59 %,45.133783237193015,5.700488770066353,00ea
5133,2015-07-08 13:43:37,867.1,0,LoRa,125,SF11,4/5,on,-122,-12.5,2,0026aa0bb804823f4030b5040dbe00ea,00,26aa,0bb8,0482,24.8 %,45.133783237193015,5.700488770066353,00ea
5107,2015-07-08 13:43:13,867.75,3,LoRa,125,SF9,4/5,on,-122,-5.2,2,0026a90bf0047d414030b5040dbe00ea,00,26a9,0bf0,047d,25.59 %,45.133783237193015,5.700488770066353,00ea
5039,2015-07-08 13:42:11,867.9,3,LoRa,125,SF7,4/5,on,-120,-6.5,2,0026a90bca04843f4030c1040dc300e5,00,26a9,0bca,0484,24.8 %,45.13391198324108,5.700596058439738,00e5
4985,2015-07-08 13:41:23,868.75,0,LoRa,125,SF12,4/5,on,-122,-8.5,2,0026ac0bd1047e414030e1040dc700e2,00,26ac,0bd1,047e,25.59 %,45.13425530603591,5.700681889138447,00e2
4957,2015-07-08 13:40:58,867.5,0,LoRa,125,SF12,4/5,on,-122,-5.2,2,0026ac0bca04763e403106040dca00e2,00,26ac,0bca,0476,24.41 %,45.13465227301744,5.700746262162478,00e2
4945,2015-07-08 13:40:47,867.1,0,LoRa,125,SF10,4/5,on,-121,-5.2,2,0026ac0bbe047c41403112040dcb00e3,00,26ac,0bbe,047c,25.59 %,45.1347810190655,5.700767719837155,00e3
4895,2015-07-08 13:40:02,867.9,3,LoRa,125,SF11,4/5,on,-122,-14.5,2,0026aa0ba5048140403145040dd300ec,00,26aa,0ba5,0481,25.2 %,45.135328189769766,5.700939381234572,00ec
4873,2015-07-08 13:39:42,867.1,0,LoRa,125,SF12,4/5,on,-122,-9,2,0026ac0b98047b4140316b040ddc00f3,00,26ac,0b98,047b,25.59 %,45.13573588558863,5.701132500306666,00f3
4831,2015-07-08 13:39:04,867.5,3,LoRa,125,SF12,4/5,on,-120,-11.5,2,0026ad0ba504754040319b040de500f7,00,26ad,0ba5,0475,25.2 %,45.13625086978088,5.70132561937876,00f7
4817,2015-07-08 13:38:51,867.1,0,LoRa,125,SF12,4/5,on,-121,-11.2,2,0026ab0ba50489424031b3040de600f0,00,26ab,0ba5,0489,25.98 %,45.136508361877006,5.701347077053437,00f0
4769,2015-07-08 13:38:09,869.25,0,LoRa,125,SF11,4/5,on,-121,-14.2,2,0026ab0b8c04793e4031d9040ded00df,00,26ab,0b8c,0479,24.41 %,45.13691605769587,5.701497280776176,00df
4733,2015-07-08 13:37:36,867.75,0,LoRa,125,SF12,4/5,on,-121,-12.5,2,0026ae0bb1046242403203040df800e4,00,26ae,0bb1,0462,25.98 %,45.13736666886409,5.701733315197624,00e4
4691,2015-07-08 13:36:58,869.25,3,LoRa,125,SF12,4/5,on,-120,-11.2,2,0026af0ba5046341403237040e0100ec,00,26af,0ba5,0463,25.59 %,45.137924568405694,5.701926434269718,00ec
4685,2015-07-08 13:36:53,867.9,0,LoRa,125,SF11,4/5,on,-121,-8.8,2,0026ad0ba5046641403237040e0100ec,00,26ad,0ba5,0466,25.59 %,45.137924568405694,5.701926434269718,00ec
4673,2015-07-08 13:36:42,867.9,0,LoRa,125,SF9,4/5,on,-121,-3.8,2,0026af0b9f046540403241040e0200ef,00,26af,0b9f,0465,25.2 %,45.13803185677908,5.701947891944395,00ef
4671,2015-07-08 13:36:40,867.5,3,LoRa,125,SF11,4/5,on,-119,-6.2,2,0026ad0b9f04634040324f040e0400f2,00,26ad,0b9f,0463,25.2 %,45.13818206050182,5.7019908072937495,00f2
4653,2015-07-08 13:36:23,869.4,0,LoRa,125,SF8,4/5,on,-120,-7.5,2,0026ad0b9f046d4140324f040e0300f3,00,26ad,0b9f,046d,25.59 %,45.13818206050182,5.701969349619072,00f3
4647,2015-07-08 13:36:17,867.25,3,LoRa,125,SF7,4/5,on,-121,-5.8,2,0026aa0b9804724140324f040e0400f4,00,26aa,0b98,0472,25.59 %,45.13818206050182,5.7019908072937495,00f4
4621,2015-07-08 13:35:54,867.9,0,LoRa,125,SF12,4/5,on,-121,-8.8,2,0026b00b86045740403262040e0700f5,00,26b0,0b86,0457,25.2 %,45.13838590841125,5.702055180317781,00f5
4593,2015-07-08 13:35:29,868.6,0,LoRa,125,SF12,4/5,on,-121,-9.2,2,0026b20b79043f40403281040e0e00e6,00,26b2,0b79,043f,25.2 %,45.13871850236875,5.7022053840405205,00e6
4587,2015-07-08 13:35:24,867.5,3,LoRa,125,SF11,4/5,on,-122,-2.5,2,0026b10b86044b40403281040e0e00e6,00,26b1,0b86,044b,25.2 %,45.13871850236875,5.7022053840405205,00e6
4573,2015-07-08 13:35:12,867.9,0,LoRa,125,SF11,4/5,on,-121,-7.5,2,0026b10b98044c4240329b040e1300e0,00,26b1,0b98,044c,25.98 %,45.13899745213955,5.702312672413906,00e0
4545,2015-07-08 13:34:46,869.4,0,LoRa,125,SF11,4/5,on,-121,-10,2,0026af0b98044f414032b1040e1700db,00,26af,0b98,044f,25.59 %,45.139233486561,5.702398503112614,00db
4533,2015-07-08 13:34:35,867.25,0,LoRa,125,SF9,4/5,on,-121,-6.2,2,0026b00b9f044c414032c0040e1800da,00,26b0,0b9f,044c,25.59 %,45.139394419121075,5.702419960787291,00da
4531,2015-07-08 13:34:34,867.25,3,LoRa,125,SF11,4/5,on,-122,-10.2,2,0026b10b9f0445414032c0040e1800da,00,26b1,0b9f,0445,25.59 %,45.139394419121075,5.702419960787291,00da
4523,2015-07-08 13:34:26,867.75,3,LoRa,125,SF12,4/5,on,-121,-11,2,0026b10ba50452404032c9040e1900d6,00,26b1,0ba5,0452,25.2 %,45.13949097865712,5.7024414184619685,00d6
4509,2015-07-08 13:34:13,867.75,0,LoRa,125,SF12,4/5,on,-122,-9,2,0026b30b9804423e4032d4040e1b00d0,00,26b3,0b98,0442,24.41 %,45.139608995867846,5.702484333811323,00d0
4503,2015-07-08 13:34:08,867.9,3,LoRa,125,SF11,4/5,on,-122,-10.8,2,0026b00ba50445414032e0040e1d00d1,00,26b0,0ba5,0445,25.59 %,45.13973774191591,5.702527249160677,00d1
4495,2015-07-08 13:34:01,867.5,3,LoRa,125,SF12,4/5,on,-124,-9.5,2,0026b20bb1044a414032ec040e1f00d2,00,26b2,0bb1,044a,25.59 %,45.13986648796397,5.702570164510031,00d2
4481,2015-07-08 13:33:48,867.1,0,LoRa,125,SF12,4/5,on,-122,-4,2,0026b20bb80445424032f5040e1f00d3,00,26b2,0bb8,0445,25.98 %,45.13996304750002,5.702570164510031,00d3
4475,2015-07-08 13:33:43,867.5,3,LoRa,125,SF11,4/5,on,-122,-6,2,0026b00bb1044f404032f5040e1f00d3,00,26b0,0bb1,044f,25.2 %,45.13996304750002,5.702570164510031,00d3
4467,2015-07-08 13:33:35,867.9,3,LoRa,125,SF12,4/5,on,-122,-8,2,0026b00bab044c40403303040e2100d3,00,26b0,0bab,044c,25.2 %,45.14011325122276,5.702613079859385,00d3
4461,2015-07-08 13:33:30,867.25,0,LoRa,125,SF11,4/5,on,-122,-9.5,2,0026b10ba5045041403314040e2300d3,00,26b1,0ba5,0450,25.59 %,45.14029564145751,5.7026559952087394,00d3
4451,2015-07-08 13:33:20,868.75,3,LoRa,125,SF7,4/5,on,-121,-2,2,0026b10b9f044a4240331f040e2600d4,00,26b1,0b9f,044a,25.98 %,45.14041365866824,5.702720368232771,00d4
4447,2015-07-08 13:33:18,869.4,3,LoRa,125,SF11,4/5,on,-122,-10.5,2,0026b20b9f04424040331f040e2600d4,00,26b2,0b9f,0442,25.2 %,45.14041365866824,5.702720368232771,00d4
4443,2015-07-08 13:33:14,869.25,3,LoRa,125,SF8,4/5,on,-122,-2.2,2,0026b20b9804484040331f040e2600d4,00,26b2,0b98,0448,25.2 %,45.14041365866824,5.702720368232771,00d4
4433,2015-07-08 13:33:05,867.1,0,LoRa,125,SF11,4/5,on,-122,-11,2,0026b30b9204334140332b040e2900d4,00,26b3,0b92,0433,25.59 %,45.1405424047163,5.702784741256802,00d4
4411,2015-07-08 13:32:45,867.75,3,LoRa,125,SF12,4/5,on,-122,-11.2,2,0026b20b92043d3e403340040e2d00d0,00,26b2,0b92,043d,24.41 %,45.14076771030041,5.70287057195551,00d0
4405,2015-07-08 13:32:40,867.5,0,LoRa,125,SF11,4/5,on,-119,-1.2,2,0026b30b8c04534240334d040e3000cc,00,26b3,0b8c,0453,25.98 %,45.14090718518581,5.702934944979542,00cc
4401,2015-07-08 13:32:36,867.1,0,LoRa,125,SF8,4/5,on,-121,-2,2,0026b30b8604344040334d040e3000cc,00,26b3,0b86,0434,25.2 %,45.14090718518581,5.702934944979542,00cc
4397,2015-07-08 13:32:32,867.1,0,LoRa,125,SF12,4/5,on,-121,-7.8,2,0026b30b8c04314140335b040e2f00c8,00,26b3,0b8c,0431,25.59 %,45.14105738890855,5.702913487304865,00c8
4377,2015-07-08 13:32:15,867.9,0,LoRa,125,SF11,4/5,on,-122,-11.8,2,0026b30b86043840403363040e3300c7,00,26b3,0b86,0438,25.2 %,45.14114321960726,5.702999318003573,00c7
4359,2015-07-08 13:31:58,867.1,3,LoRa,125,SF8,4/5,on,-121,-6.8,2,0026b50b7f042840403385040e3700c7,00,26b5,0b7f,0428,25.2 %,45.14150800007677,5.703085148702281,00c7
4331,2015-07-08 13:31:32,867.9,3,LoRa,125,SF8,4/5,on,-121,-3,2,0026b30b7304374140339e040e3900ce,00,26b3,0b73,0437,25.59 %,45.14177622101023,5.7031280640516355,00ce
4293,2015-07-08 13:30:59,867.1,0,LoRa,125,SF11,4/5,on,-119,-4.5,2,0026b40b540440414033d1040e4500db,00,26b4,0b54,0440,25.59 %,45.1423233917145,5.703385556147761,00db
4283,2015-07-08 13:30:49,867.9,3,LoRa,125,SF7,4/5,on,-120,-3.2,2,0026b40b5404483f4033dd040e4700e0,00,26b4,0b54,0448,24.8 %,45.14245213776256,5.703428471497115,00e0
4271,2015-07-08 13:30:39,868.75,3,LoRa,125,SF12,4/5,on,-122,-8.8,2,0026b50b47042a404033ea040e4800e4,00,26b5,0b47,042a,25.2 %,45.14259161264796,5.703449929171792,00e4
4265,2015-07-08 13:30:33,867.5,0,LoRa,125,SF11,4/5,on,-117,-4.8,2,0026b30b3b04333f4033ea040e4800e4,00,26b3,0b3b,0433,24.8 %,45.14259161264796,5.703449929171792,00e4
4229,2015-07-08 13:30:01,869.25,0,LoRa,125,SF12,4/5,on,-121,-12.2,2,0026b50b2804293f403426040e5300e8,00,26b5,0b28,0429,24.8 %,45.143235342888275,5.70368596359324,00e8
4191,2015-07-08 13:29:26,867.75,3,LoRa,125,SF8,4/5,on,-122,-7.5,2,0026b20b09043740403444040e5800ef,00,26b2,0b09,0437,25.2 %,45.14355720800843,5.7037932519666255,00ef
4187,2015-07-08 13:29:23,867.5,3,LoRa,125,SF12,4/5,on,-124,-10.2,2,0026b30b0204424040344f040e5700f4,00,26b3,0b02,0442,25.2 %,45.143675225219155,5.703771794291948,00f4
4125,2015-07-08 13:28:27,867.1,0,LoRa,125,SF11,4/5,on,-120,-12.2,2,0026b30ae904263e40348b040e690106,00,26b3,0ae9,0426,24.41 %,45.14431895545947,5.704158032436136,0106
4111,2015-07-08 13:28:14,867.1,3,LoRa,125,SF11,4/5,on,-122,-12.5,2,0026b50ae904253e403498040e700102,00,26b5,0ae9,0425,24.41 %,45.14445843034487,5.704308236158876,0102
4041,2015-07-08 13:27:11,867.9,0,LoRa,125,SF11,4/5,on,-121,-14.8,2,0026b50b2e04233f4034ee040e7500ea,00,26b5,0b2e,0423,24.8 %,45.145381110355984,5.704415524532261,00ea
4033,2015-07-08 13:27:04,869.25,0,LoRa,125,SF12,4/5,on,-121,-9.8,2,0026b30b3b043d414034ee040e7500ea,00,26b3,0b3b,043d,25.59 %,45.145381110355984,5.704415524532261,00ea
3981,2015-07-08 13:26:16,867.25,0,LoRa,125,SF8,4/5,on,-120,-3.8,2,0026b60b5a042a41403527040e7f00ed,00,26b6,0b5a,042a,25.59 %,45.14599265408428,5.704630101279032,00ed
3977,2015-07-08 13:26:13,867.5,0,LoRa,125,SF12,4/5,on,-122,-1.8,2,0026b70b6d041b41403527040e7f00ed,00,26b7,0b6d,041b,25.59 %,45.14599265408428,5.704630101279032,00ed
3971,2015-07-08 13:26:08,867.1,3,LoRa,125,SF11,4/5,on,-119,-5,2,0026b60b60042342403533040e8000ee,00,26b6,0b60,0423,25.98 %,45.146121400132344,5.704651558953709,00ee
3911,2015-07-08 13:25:13,867.1,3,LoRa,125,SF8,4/5,on,-120,-4.2,2,0026b90b73040b4040356c040e8b00e8,00,26b9,0b73,040b,25.2 %,45.14673294386064,5.704887593375157,00e8
3909,2015-07-08 13:25:12,867.1,0,LoRa,125,SF10,4/5,on,-116,3.2,2,0026b80b73040d3f40356c040e8b00e8,00,26b8,0b73,040d,24.8 %,45.14673294386064,5.704887593375157,00e8
3907,2015-07-08 13:25:10,867.9,3,LoRa,125,SF12,4/5,on,-124,0.2,2,0026b90b73040c3e40357c040e8c00e3,00,26b9,0b73,040c,24.41 %,45.14690460525806,5.704909051049834,00e3
3889,2015-07-08 13:24:54,867.25,0,LoRa,125,SF9,4/5,on,-121,-3,2,0026b60b66040e42403587040e9000e1,00,26b6,0b66,040e,25.98 %,45.14702262246878,5.704994881748543,00e1
3873,2015-07-08 13:24:40,867.5,0,LoRa,125,SF11,4/5,on,-120,-8.8,2,0026b80b5404114140359d040e9200d7,00,26b8,0b54,0411,25.59 %,45.14725865689023,5.705037797097897,00d7
3859,2015-07-08 13:24:27,867.9,3,LoRa,125,SF11,4/5,on,-122,-6.5,2,0026b70b8c0405414035a5040e9100d4,00,26b7,0b8c,0405,25.59 %,45.14734448758894,5.70501633942322,00d4
3853,2015-07-08 13:24:21,867.75,0,LoRa,125,SF10,4/5,on,-120,-8.2,2,0026b90b8c03ff404035ad040e9600d7,00,26b9,0b8c,03ff,25.2 %,45.14743031828765,5.705123627796605,00d7
3845,2015-07-08 13:24:14,869.4,0,LoRa,125,SF11,4/5,on,-121,-6.2,2,0026b70b7f040b404035ad040e9600d7,00,26b7,0b7f,040b,25.2 %,45.14743031828765,5.705123627796605,00d7
3837,2015-07-08 13:24:07,867.9,0,LoRa,125,SF12,4/5,on,-121,-6.2,2,0026b90b790408404035bb040e9900dc,00,26b9,0b79,0408,25.2 %,45.14758052201039,5.705188000820637,00dc
3833,2015-07-08 13:24:03,867.1,0,LoRa,125,SF9,4/5,on,-118,-7.8,2,0026b90b73040d424035bb040e9900dc,00,26b9,0b73,040d,25.98 %,45.14758052201039,5.705188000820637,00dc
3753,2015-07-08 13:22:51,867.9,0,LoRa,125,SF12,4/5,on,-116,-4.2,2,0026b90b15041d4140361a040ea700e1,00,26b9,0b15,041d,25.59 %,45.14859976155755,5.705488408266116,00e1
3749,2015-07-08 13:22:47,869.4,0,LoRa,125,SF9,4/5,on,-121,-7.8,2,0026b70b09040e4040361a040ea700e1,00,26b7,0b09,040e,25.2 %,45.14859976155755,5.705488408266116,00e1
3747,2015-07-08 13:22:46,867.5,3,LoRa,125,SF11,4/5,on,-121,-3.8,2,0026b80b0f04134140361a040ea700e1,00,26b8,0b0f,0413,25.59 %,45.14859976155755,5.705488408266116,00e1
3739,2015-07-08 13:22:38,867.1,3,LoRa,125,SF12,4/5,on,-122,-4.2,2,0026b80b1504093f403626040eaa00df,00,26b8,0b15,0409,24.8 %,45.14872850760561,5.705552781290147,00df
3737,2015-07-08 13:22:36,867.1,0,LoRa,125,SF7,4/5,on,-120,-2.5,2,0026b80b1504123f403626040eaa00df,00,26b8,0b15,0412,24.8 %,45.14872850760561,5.705552781290147,00df
3733,2015-07-08 13:22:33,867.9,0,LoRa,125,SF11,4/5,on,-120,-8.2,2,0026b60b22040c41403626040eaa00df,00,26b6,0b22,040c,25.59 %,45.14872850760561,5.705552781290147,00df
3719,2015-07-08 13:22:21,869.25,3,LoRa,125,SF11,4/5,on,-121,-6.8,2,0026b40b2e043642403643040eaf00e3,00,26b4,0b2e,0436,25.98 %,45.14903964388843,5.705660069663533,00e3
3707,2015-07-08 13:22:09,867.25,3,LoRa,125,SF9,4/5,on,-122,-7.8,2,0026b70b2204103f403651040eb200e4,00,26b7,0b22,0410,24.8 %,45.14918984761117,5.705724442687564,00e4
3681,2015-07-08 13:21:45,867.9,0,LoRa,125,SF7,4/5,on,-119,-4.8,2,0026b80b1b041240403665040eb200e7,00,26b8,0b1b,0412,25.2 %,45.14940442435794,5.705724442687564,00e7
3679,2015-07-08 13:21:44,868.6,3,LoRa,125,SF9,4/5,on,-124,-2,2,0026b70b1b041342403665040eb200e7,00,26b7,0b1b,0413,25.98 %,45.14940442435794,5.705724442687564,00e7
3677,2015-07-08 13:21:43,867.1,0,LoRa,125,SF11,4/5,on,-118,0.5,2,0026b70b15041342403665040eb200e7,00,26b7,0b15,0413,25.98 %,45.14940442435794,5.705724442687564,00e7
3669,2015-07-08 13:21:35,867.9,0,LoRa,125,SF12,4/5,on,-121,1,2,0026b70b22041b3f403673040eb100e8,00,26b7,0b22,041b,24.8 %,45.14955462808068,5.705702985012887,00e8
3663,2015-07-08 13:21:30,867.5,3,LoRa,125,SF11,4/5,on,-122,-10.2,2,0026b50b0f040f40403683040eb700ec,00,26b5,0b0f,040f,25.2 %,45.149726289478096,5.705831731060949,00ec
3655,2015-07-08 13:21:22,867.25,3,LoRa,125,SF12,4/5,on,-121,-10.8,2,0026b80b0f041c40403690040eba00ec,00,26b8,0b0f,041c,25.2 %,45.1498657643635,5.705896104084981,00ec
3643,2015-07-08 13:21:12,869.25,3,LoRa,125,SF10,4/5,on,-122,-8.2,2,0026b80af6041640403690040eba00ec,00,26b8,0af6,0416,25.2 %,45.1498657643635,5.705896104084981,00ec
3635,2015-07-08 13:21:05,868.6,3,LoRa,125,SF11,4/5,on,-120,-5.2,2,0026b80b0903fb41403698040eba00ee,00,26b8,0b09,03fb,25.59 %,45.149951595062205,5.705896104084981,00ee
3631,2015-07-08 13:21:00,867.1,3,LoRa,125,SF8,4/5,on,-121,-7,2,0026b80b1b0410404036a5040ebe00ee,00,26b8,0b1b,0410,25.2 %,45.15009106994761,5.705981934783689,00ee
3617,2015-07-08 13:20:48,867.5,0,LoRa,125,SF8,4/5,on,-121,-8.2,2,0026b70b150415424036af040ec100f4,00,26b7,0b15,0415,25.98 %,45.15019835832099,5.70604630780772,00f4
3615,2015-07-08 13:20:47,867.75,3,LoRa,125,SF10,4/5,on,-122,-7.2,2,0026b90b1504103f4036af040ec100f4,00,26b9,0b15,0410,24.8 %,45.15019835832099,5.70604630780772,00f4
3607,2015-07-08 13:20:39,867.5,3,LoRa,125,SF11,4/5,on,-120,-7.2,2,0026b40b09041c414036bc040ec300f5,00,26b4,0b09,041c,25.59 %,45.15033783320639,5.706089223157075,00f5
3593,2015-07-08 13:20:27,867.1,0,LoRa,125,SF11,4/5,on,-120,-2.5,2,0026b60af60423424036cb040ec600f6,00,26b6,0af6,0423,25.98 %,45.15049876576647,5.706153596181106,00f6
3589,2015-07-08 13:20:22,868.75,0,LoRa,125,SF8,4/5,on,-121,-4.5,2,0026b50af6040e3f4036cb040ec600f6,00,26b5,0af6,040e,24.8 %,45.15049876576647,5.706153596181106,00f6
3581,2015-07-08 13:20:16,867.25,0,LoRa,125,SF9,4/5,on,-120,-0.2,2,0026b70af60410414036d9040ec800f9,00,26b7,0af6,0410,25.59 %,45.15064896948921,5.70619651153046,00f9
3531,2015-07-08 13:19:31,867.1,3,LoRa,125,SF10,4/5,on,-120,-1.5,2,0026b90af6040540403714040ed000fa,00,26b9,0af6,0405,25.2 %,45.151281970892185,5.706368172927877,00fa
3513,2015-07-08 13:19:13,867.9,0,LoRa,125,SF7,4/5,on,-120,-1.2,2,0026ba0af6040d3f403721040ed700f5,00,26ba,0af6,040d,24.8 %,45.151421445777586,5.7065183766506165,00f5
3501,2015-07-08 13:19:03,867.1,0,LoRa,125,SF12,4/5,on,-120,-1.8,2,0026bd0b1b03f03f403721040ed700f5,00,26bd,0b1b,03f0,24.8 %,45.151421445777586,5.7065183766506165,00f5
3495,2015-07-08 13:18:58,868.6,3,LoRa,125,SF11,4/5,on,-118,-5.5,2,0026bb0b2203eb3e403721040ed700f5,00,26bb,0b22,03eb,24.41 %,45.151421445777586,5.7065183766506165,00f5
3489,2015-07-08 13:18:53,867.9,0,LoRa,125,SF10,4/5,on,-119,-1,2,0026bc0b2803f73f403721040ed700f5,00,26bc,0b28,03f7,24.8 %,45.151421445777586,5.7065183766506165,00f5
3487,2015-07-08 13:18:51,867.9,3,LoRa,125,SF12,4/5,on,-124,1.5,2,0026bc0b2803e840403721040ed700f5,00,26bc,0b28,03e8,25.2 %,45.151421445777586,5.7065183766506165,00f5
3485,2015-07-08 13:18:48,867.1,0,LoRa,125,SF7,4/5,on,-119,-3,2,0026bc0b2803f340403721040ed700f5,00,26bc,0b28,03f3,25.2 %,45.151421445777586,5.7065183766506165,00f5
3483,2015-07-08 13:18:47,869.4,3,LoRa,125,SF9,4/5,on,-120,1.8,2,0026bb0b2203ea42403721040ed700f5,00,26bb,0b22,03ea,25.98 %,45.151421445777586,5.7065183766506165,00f5
3481,2015-07-08 13:18:46,867.1,0,LoRa,125,SF11,4/5,on,-117,0,2,0026bc0b1b03e640403721040ed700f5,00,26bc,0b1b,03e6,25.2 %,45.151421445777586,5.7065183766506165,00f5
3473,2015-07-08 13:18:38,867.1,0,LoRa,125,SF12,4/5,on,-122,-1,2,0026bc0b2e03ee41403721040ed700f5,00,26bc,0b2e,03ee,25.59 %,45.151421445777586,5.7065183766506165,00f5
3471,2015-07-08 13:18:36,867.1,3,LoRa,125,SF7,4/5,on,-117,2.8,2,0026bb0b2803f140403721040ed700f5,00,26bb,0b28,03f1,25.2 %,45.151421445777586,5.7065183766506165,00f5
3469,2015-07-08 13:18:34,867.5,0,LoRa,125,SF9,4/5,on,-121,-4,2,0026ba0b2803ee42403721040ed700f5,00,26ba,0b28,03ee,25.98 %,45.151421445777586,5.7065183766506165,00f5
3459,2015-07-08 13:18:25,867.9,3,LoRa,125,SF12,4/5,on,-124,-0.2,2,0026bb0b2803f042403721040ed700f5,00,26bb,0b28,03f0,25.98 %,45.151421445777586,5.7065183766506165,00f5
3453,2015-07-08 13:18:20,867.1,0,LoRa,125,SF11,4/5,on,-114,2.2,2,0026bc0b1b03fa41403721040ed700f5,00,26bc,0b1b,03fa,25.59 %,45.151421445777586,5.7065183766506165,00f5
3447,2015-07-08 13:18:15,867.5,3,LoRa,125,SF10,4/5,on,-117,3,2,0026bc0b2803f340403721040ed700f5,00,26bc,0b28,03f3,25.2 %,45.151421445777586,5.7065183766506165,00f5
3445,2015-07-08 13:18:13,867.1,0,LoRa,125,SF12,4/5,on,-122,-0.5,2,0026bb0b3403f73f403721040ed700f4,00,26bb,0b34,03f7,24.8 %,45.151421445777586,5.7065183766506165,00f4
3441,2015-07-08 13:18:09,867.1,0,LoRa,125,SF9,4/5,on,-120,1.8,2,0026ba0b3403f841403721040ed700f4,00,26ba,0b34,03f8,25.59 %,45.151421445777586,5.7065183766506165,00f4
3439,2015-07-08 13:18:08,867.9,3,LoRa,125,SF11,4/5,on,-116,2.5,2,0026bb0b3403f642403721040ed700f4,00,26bb,0b34,03f6,25.98 %,45.151421445777586,5.7065183766506165,00f4
3435,2015-07-08 13:18:03,867.9,3,LoRa,125,SF8,4/5,on,-118,0.8,2,0026bc0b3403f63f403721040ed700f4,00,26bc,0b34,03f6,24.8 %,45.151421445777586,5.7065183766506165,00f4
3433,2015-07-08 13:18:02,867.1,0,LoRa,125,SF10,4/5,on,-113,2.2,2,0026bb0b3403f540403721040ed700f4,00,26bb,0b34,03f5,25.2 %,45.151421445777586,5.7065183766506165,00f4
3427,2015-07-08 13:17:57,867.9,3,LoRa,125,SF9,4/5,on,-119,1.2,2,0026bb0b3b03f73f403722040ed700f4,00,26bb,0b3b,03f7,24.8 %,45.151432174614925,5.7065183766506165,00f4
3421,2015-07-08 13:17:51,867.1,0,LoRa,125,SF8,4/5,on,-120,-3,2,0026bb0b4d03ef42403725040ed800f4,00,26bb,0b4d,03ef,25.98 %,45.15146436112694,5.7065398343252935,00f4
3417,2015-07-08 13:17:47,867.1,0,LoRa,125,SF12,4/5,on,-121,-1.2,2,0026bd0b4d03ec40403725040ed800f4,00,26bd,0b4d,03ec,25.2 %,45.15146436112694,5.7065398343252935,00f4
3413,2015-07-08 13:17:44,867.9,0,LoRa,125,SF9,4/5,on,-121,-1,2,0026bb0b4703ea40403725040ed800f4,00,26bb,0b47,03ea,25.2 %,45.15146436112694,5.7065398343252935,00f4
3407,2015-07-08 13:17:38,867.9,3,LoRa,125,SF8,4/5,on,-120,-0.2,2,0026bd0b4d03e63f403727040ed900f4,00,26bd,0b4d,03e6,24.8 %,45.15148581880162,5.706561291999971,00f4
3401,2015-07-08 13:17:32,867.9,0,LoRa,125,SF7,4/5,on,-120,-0.8,2,0026bb0b4d03f541403727040ed900f4,00,26bb,0b4d,03f5,25.59 %,45.15148581880162,5.706561291999971,00f4
3399,2015-07-08 13:17:31,867.5,3,LoRa,125,SF9,4/5,on,-120,-0.2,2,0026bb0b4703ec41403728040ed900f4,00,26bb,0b47,03ec,25.59 %,45.151496547638956,5.706561291999971,00f4
3397,2015-07-08 13:17:30,867.25,0,LoRa,125,SF11,4/5,on,-117,1.8,2,0026bb0b4703eb41403728040ed900f4,00,26bb,0b47,03eb,25.59 %,45.151496547638956,5.706561291999971,00f4
3393,2015-07-08 13:17:25,867.9,0,LoRa,125,SF8,4/5,on,-119,-2.8,2,0026bb0b4d03f03f403728040ed900f4,00,26bb,0b4d,03f0,24.8 %,45.151496547638956,5.706561291999971,00f4
3391,2015-07-08 13:17:24,868.75,3,LoRa,125,SF10,4/5,on,-119,1.5,2,0026bb0b4d03f640403728040ed900f4,00,26bb,0b4d,03f6,25.2 %,45.151496547638956,5.706561291999971,00f4
3383,2015-07-08 13:17:17,867.9,3,LoRa,125,SF11,4/5,on,-111,0.8,2,0026ba0b5403f53e403729040eda00f3,00,26ba,0b54,03f5,24.41 %,45.151507276476295,5.706582749674648,00f3
3377,2015-07-08 13:17:11,867.5,0,LoRa,125,SF10,4/5,on,-120,-4.8,2,0026bb0b5a03fa3e403728040ed900f3,00,26bb,0b5a,03fa,24.41 %,45.151496547638956,5.706561291999971,00f3
3371,2015-07-08 13:17:06,867.5,3,LoRa,125,SF9,4/5,on,-122,-7.2,2,0026bb0b5403eb40403728040ed900f3,00,26bb,0b54,03eb,25.2 %,45.151496547638956,5.706561291999971,00f3
3361,2015-07-08 13:16:57,867.1,0,LoRa,125,SF12,4/5,on,-120,-7,2,0026bc0b5a03ea40403729040ed900f3,00,26bc,0b5a,03ea,25.2 %,45.151507276476295,5.706561291999971,00f3
3359,2015-07-08 13:16:54,867.9,3,LoRa,125,SF7,4/5,on,-119,-1,2,0026bb0b5a03f240403729040ed900f3,00,26bb,0b5a,03f2,25.2 %,45.151507276476295,5.706561291999971,00f3
3355,2015-07-08 13:16:52,867.9,3,LoRa,125,SF11,4/5,on,-117,1.2,2,0026bc0b5a03f64140372a040ed900f3,00,26bc,0b5a,03f6,25.59 %,45.15151800531363,5.706561291999971,00f3
3351,2015-07-08 13:16:47,867.75,3,LoRa,125,SF8,4/5,on,-120,0,2,0026bb0b6603f23e40372a040ed900f3,00,26bb,0b66,03f2,24.41 %,45.15151800531363,5.706561291999971,00f3
3345,2015-07-08 13:16:41,867.5,0,LoRa,125,SF7,4/5,on,-122,-6,2,0026bd0b8603ec4140372a040ed900f3,00,26bd,0b86,03ec,25.59 %,45.15151800531363,5.706561291999971,00f3
3341,2015-07-08 13:16:39,867.1,0,LoRa,125,SF11,4/5,on,-121,-8.5,2,0026bc0b8c03ed40403729040ed900f3,00,26bc,0b8c,03ed,25.2 %,45.151507276476295,5.706561291999971,00f3
3329,2015-07-08 13:16:28,867.25,0,LoRa,125,SF9,4/5,on,-122,-7.5,2,0026bc0b8603ec4140372a040ed900f2,00,26bc,0b86,03ec,25.59 %,45.15151800531363,5.706561291999971,00f2
3327,2015-07-08 13:16:26,869.4,3,LoRa,125,SF11,4/5,on,-120,-4,2,0026bb0b8603f24140372a040ed900f2,00,26bb,0b86,03f2,25.59 %,45.15151800531363,5.706561291999971,00f2
3319,2015-07-08 13:16:19,867.9,3,LoRa,125,SF12,4/5,on,-117,1.2,2,0026bd0b7f03eb40403729040ed900f2,00,26bd,0b7f,03eb,25.2 %,45.151507276476295,5.706561291999971,00f2
3317,2015-07-08 13:16:16,867.1,0,LoRa,125,SF7,4/5,on,-115,2.5,2,0026bc0b7f03f041403729040ed900f2,00,26bc,0b7f,03f0,25.59 %,45.151507276476295,5.706561291999971,00f2
3299,2015-07-08 13:16:01,867.9,3,LoRa,125,SF11,4/5,on,-119,-4.5,2,0026bb0b7903eb3e403731040ed900ec,00,26bb,0b79,03eb,24.41 %,45.151593107175,5.706561291999971,00ec
3287,2015-07-08 13:15:50,867.9,3,LoRa,125,SF9,4/5,on,-120,-3,2,0026bd0b9f03f54040373b040edc00e6,00,26bd,0b9f,03f5,25.2 %,45.15170039554839,5.706625665024002,00e6
3285,2015-07-08 13:15:48,867.1,0,LoRa,125,SF11,4/5,on,-121,-5.8,2,0026bc0ba503e94040373b040edc00e6,00,26bc,0ba5,03e9,25.2 %,45.15170039554839,5.706625665024002,00e6
3277,2015-07-08 13:15:41,867.1,0,LoRa,125,SF12,4/5,on,-120,-2.5,2,0026ba0bdd040b40403745040edb00e3,00,26ba,0bdd,040b,25.2 %,45.151807683921774,5.706604207349325,00e3
3251,2015-07-08 13:15:18,869.4,3,LoRa,125,SF10,4/5,on,-120,-4.5,2,0026b90bea040742403751040edb00dd,00,26b9,0bea,0407,25.98 %,45.15193642996984,5.706604207349325,00dd
3249,2015-07-08 13:15:15,867.5,0,LoRa,125,SF12,4/5,on,-120,-12,2,0026b90bf0040141403751040edb00dd,00,26b9,0bf0,0401,25.59 %,45.15193642996984,5.706604207349325,00dd
3229,2015-07-08 13:14:58,867.9,0,LoRa,125,SF11,4/5,on,-120,-3.8,2,0026ba0c0303fa40403764040edf00d9,00,26ba,0c03,03fa,25.2 %,45.15214027787927,5.706690038048033,00d9
3193,2015-07-08 13:14:25,867.5,0,LoRa,125,SF12,4/5,on,-121,-9.8,2,0026bb0c0f03fa40403784040ee300d2,00,26bb,0c0f,03fa,25.2 %,45.1524836006741,5.706775868746742,00d2
3165,2015-07-08 13:14:00,867.1,0,LoRa,125,SF12,4/5,on,-121,-8.5,2,0026bb0c0f03f0414037a5040ee800cd,00,26bb,0c0f,03f0,25.59 %,45.152837652306275,5.706883157120127,00cd
3145,2015-07-08 13:13:42,867.1,0,LoRa,125,SF11,4/5,on,-121,-3.8,2,0026ba0c0903f3404037b2040eeb00cb,00,26ba,0c09,03f3,25.2 %,45.152977127191676,5.706947530144158,00cb
3117,2015-07-08 13:13:17,867.1,0,LoRa,125,SF11,4/5,on,-120,-8,2,0026bb0c0303f03f4037cf040ef000ce,00,26bb,0c03,03f0,24.8 %,45.153288263474494,5.707054818517544,00ce
3113,2015-07-08 13:13:12,867.5,0,LoRa,125,SF8,4/5,on,-120,-5.8,2,0026bc0bfc03f5414037cf040ef000ce,00,26bc,0bfc,03f5,25.59 %,45.153288263474494,5.707054818517544,00ce
3111,2015-07-08 13:13:11,869.4,3,LoRa,125,SF10,4/5,on,-121,-10.5,2,0026bc0c0303f8424037e1040ef300d2,00,26bc,0c03,03f8,25.98 %,45.15348138254659,5.707119191541575,00d2
3067,2015-07-08 13:12:31,869.4,3,LoRa,125,SF12,4/5,on,-122,-8.2,2,0026bb0bea03f041403815040eff00d4,00,26bb,0bea,03f0,25.59 %,45.15403928208819,5.7073766836377,00d4
3037,2015-07-08 13:12:03,867.5,0,LoRa,125,SF7,4/5,on,-121,-4.2,2,0026bb0bca03f04240382e040f0200d2,00,26bb,0bca,03f0,25.98 %,45.154307503021656,5.7074410566617315,00d2
3021,2015-07-08 13:11:50,869.25,0,LoRa,125,SF9,4/5,on,-121,-8.2,2,0026bc0bbe03e740403843040f0300d0,00,26bc,0bbe,03e7,25.2 %,45.154532808605765,5.707462514336409,00d0
3019,2015-07-08 13:11:48,868.75,3,LoRa,125,SF11,4/5,on,-122,-13.5,2,0026bb0bbe03f241403843040f0300d0,00,26bb,0bbe,03f2,25.59 %,45.154532808605765,5.707462514336409,00d0
2921,2015-07-08 13:10:20,867.9,0,LoRa,125,SF11,4/5,on,-119,-3.8,2,0026be0b9203da424038b5040f1700d0,00,26be,0b92,03da,25.98 %,45.15575589606236,5.7078916678299505,00d0
2907,2015-07-08 13:10:07,867.9,3,LoRa,125,SF11,4/5,on,-122,-6.8,2,0026bd0b9803dd404038bd040f1b00d5,00,26bd,0b98,03dd,25.2 %,45.15584172676107,5.707977498528659,00d5
2879,2015-07-08 13:09:42,867.9,3,LoRa,125,SF11,4/5,on,-121,-4.5,2,0026be0b7f03d33f4038e3040f2100d4,00,26be,0b7f,03d3,24.8 %,45.15624942257993,5.7081062445767214,00d4
2865,2015-07-08 13:09:29,867.5,0,LoRa,125,SF11,4/5,on,-122,-12,2,0026bf0b9203cf3f4038ef040f2300d6,00,26bf,0b92,03cf,24.8 %,45.156378168627995,5.708149159926076,00d6
2857,2015-07-08 13:09:22,867.75,0,LoRa,125,SF12,4/5,on,-122,0.5,2,0026be0b8c03da404038ff040f2500d7,00,26be,0b8c,03da,25.2 %,45.15654983002541,5.70819207527543,00d7
2853,2015-07-08 13:09:18,867.1,0,LoRa,125,SF9,4/5,on,-122,0.5,2,0026be0b8603d7424038ff040f2500d7,00,26be,0b86,03d7,25.98 %,45.15654983002541,5.70819207527543,00d7
2851,2015-07-08 13:09:17,868.6,3,LoRa,125,SF11,4/5,on,-120,-3,2,0026be0b8603d7424038ff040f2500d7,00,26be,0b86,03d7,25.98 %,45.15654983002541,5.70819207527543,00d7
2823,2015-07-08 13:08:51,867.1,3,LoRa,125,SF11,4/5,on,-121,-9.8,2,0026be0b8603cf3f403923040f2b00dd,00,26be,0b86,03cf,24.8 %,45.1569360681696,5.708320821323492,00dd
2813,2015-07-08 13:08:41,867.9,0,LoRa,125,SF7,4/5,on,-122,-6.8,2,0026be0b8603d540403923040f2b00dd,00,26be,0b86,03d5,25.2 %,45.1569360681696,5.708320821323492,00dd
2809,2015-07-08 13:08:39,867.25,0,LoRa,125,SF11,4/5,on,-119,-8,2,0026be0b7f03d14240392f040f2d00e0,00,26be,0b7f,03d1,25.98 %,45.15706481421766,5.708363736672847,00e0
2801,2015-07-08 13:08:31,868.75,0,LoRa,125,SF12,4/5,on,-121,-7.5,2,0026bf0b8c03de4040393e040f2e00e6,00,26bf,0b8c,03de,25.2 %,45.15722574677774,5.708385194347524,00e6
2759,2015-07-08 13:07:53,868.6,3,LoRa,125,SF12,4/5,on,-122,-6,2,0026bd0b7f03df4140396a040f3900ed,00,26bd,0b7f,03df,25.59 %,45.15769781562064,5.708621228768972,00ed
2743,2015-07-08 13:07:38,869.25,3,LoRa,125,SF7,4/5,on,-120,-1.5,2,0026ba0b6603e941403986040f3d00ef,00,26ba,0b66,03e9,25.59 %,45.157998223066116,5.70870705946768,00ef
2711,2015-07-08 13:07:10,867.9,3,LoRa,125,SF11,4/5,on,-122,-7,2,0026bd0b3403de424039a0040f4400ea,00,26bd,0b34,03de,25.98 %,45.15827717283692,5.70885726319042,00ea
2707,2015-07-08 13:07:06,867.1,3,LoRa,125,SF8,4/5,on,-116,1.2,2,0026bd0b2e03e0414039a0040f4400ea,00,26bd,0b2e,03e0,25.59 %,45.15827717283692,5.70885726319042,00ea
2697,2015-07-08 13:06:58,867.1,0,LoRa,125,SF11,4/5,on,-117,-0.8,2,0026bf0b4703da414039aa040f4500e8,00,26bf,0b47,03da,25.59 %,45.158384461210304,5.708878720865097,00e8
2689,2015-07-08 13:06:50,867.1,0,LoRa,125,SF12,4/5,on,-119,-2,2,0026be0b6d03dd424039b0040f4500e8,00,26be,0b6d,03dd,25.98 %,45.158448834234335,5.708878720865097,00e8
2675,2015-07-08 13:06:37,867.9,3,LoRa,125,SF12,4/5,on,-111,1.5,2,0026be0b6603df3f4039b1040f4400e8,00,26be,0b66,03df,24.8 %,45.15845956307167,5.70885726319042,00e8
2661,2015-07-08 13:06:25,867.1,0,LoRa,125,SF12,4/5,on,-120,-4,2,0026bd0b5a03e8414039b5040f4500e8,00,26bd,0b5a,03e8,25.59 %,45.15850247842103,5.708878720865097,00e8
2659,2015-07-08 13:06:22,867.5,3,LoRa,125,SF7,4/5,on,-119,-1.2,2,0026bd0b5403f2424039b5040f4500e8,00,26bd,0b54,03f2,25.98 %,45.15850247842103,5.708878720865097,00e8
2613,2015-07-08 13:05:42,867.5,0,LoRa,125,SF11,4/5,on,-118,-4,2,0026bd0b6003de3f4039ed040f5100e7,00,26bd,0b60,03de,24.8 %,45.159103293311986,5.709136212961222,00e7
2605,2015-07-08 13:05:34,867.75,0,LoRa,125,SF12,4/5,on,-122,-3.8,2,0026bd0b6d03e8414039ed040f5100e7,00,26bd,0b6d,03e8,25.59 %,45.159103293311986,5.709136212961222,00e7
2599,2015-07-08 13:05:29,867.9,3,LoRa,125,SF11,4/5,on,-120,-4,2,0026ba0b6d03f6424039ee040f5100e7,00,26ba,0b6d,03f6,25.98 %,45.159114022149325,5.709136212961222,00e7
2589,2015-07-08 13:05:19,867.5,0,LoRa,125,SF7,4/5,on,-120,-0.8,2,0026b80b7304093f4039f1040f4f00e8,00,26b8,0b73,0409,24.8 %,45.15914620866134,5.709093297611868,00e8
2577,2015-07-08 13:05:09,867.9,0,LoRa,125,SF12,4/5,on,-117,-1.5,2,0026bf0b7903dc424039fa040f4d00ea,00,26bf,0b79,03dc,25.98 %,45.15924276819739,5.709050382262514,00ea
2563,2015-07-08 13:04:56,867.9,3,LoRa,125,SF12,4/5,on,-116,-3,2,0026c10b7303c542403a0b040f5100ea,00,26c1,0b73,03c5,25.98 %,45.15942515843214,5.709136212961222,00ea
2543,2015-07-08 13:04:39,867.9,3,LoRa,125,SF11,4/5,on,-121,-3.2,2,0026c10b7903bb41403a28040f5500ec,00,26c1,0b79,03bb,25.59 %,45.15973629471496,5.70922204365993,00ec
2487,2015-07-08 13:03:48,867.9,3,LoRa,125,SF11,4/5,on,-117,-3.2,2,0026c20b7f03b541403a67040f5a00f0,00,26c2,0b7f,03b5,25.59 %,45.16041221146729,5.709329332033316,00f0
2483,2015-07-08 13:03:44,867.9,3,LoRa,125,SF8,4/5,on,-116,-0.2,2,0026c20b7f03b940403a67040f5a00f0,00,26c2,0b7f,03b9,25.2 %,45.16041221146729,5.709329332033316,00f0
2469,2015-07-08 13:03:31,867.1,0,LoRa,125,SF8,4/5,on,-120,-2.2,2,0026c10b7903ba40403a7c040f6100ed,00,26c1,0b79,03ba,25.2 %,45.1606375170514,5.7094795357560555,00ed
2465,2015-07-08 13:03:28,867.1,0,LoRa,125,SF12,4/5,on,-122,-3,2,0026c30b7903bb3f403a7c040f6100ed,00,26c3,0b79,03bb,24.8 %,45.1606375170514,5.7094795357560555,00ed
2461,2015-07-08 13:03:24,867.9,0,LoRa,125,SF9,4/5,on,-119,-3,2,0026c20b7903bc41403a7c040f6100ed,00,26c2,0b79,03bc,25.59 %,45.1606375170514,5.7094795357560555,00ed
2459,2015-07-08 13:03:23,867.9,3,LoRa,125,SF11,4/5,on,-120,-2,2,0026c10b7903be3f403a7c040f6100ed,00,26c1,0b79,03be,24.8 %,45.1606375170514,5.7094795357560555,00ed
2445,2015-07-08 13:03:10,867.1,0,LoRa,125,SF11,4/5,on,-121,-1.5,2,0026c10b7303c340403a95040f6400e7,00,26c1,0b73,03c3,25.2 %,45.16090573798486,5.709543908780087,00e7
2437,2015-07-08 13:03:02,867.1,0,LoRa,125,SF12,4/5,on,-120,-6.2,2,0026c00b7f03c13f403aa3040f6500e5,00,26c0,0b7f,03c1,24.8 %,45.1610559417076,5.709565366454764,00e5
2409,2015-07-08 13:02:37,867.1,0,LoRa,125,SF12,4/5,on,-122,-4.8,2,0026c10b7903c03f403ab2040f6a00dc,00,26c1,0b79,03c0,24.8 %,45.16121687426768,5.709672654828149,00dc
2381,2015-07-08 13:02:12,869.4,0,LoRa,125,SF12,4/5,on,-121,-5.8,2,0026c20b7903bf3f403ada040f7000d8,00,26c2,0b79,03bf,24.8 %,45.16164602776122,5.709801400876212,00d8
2367,2015-07-08 13:01:59,867.9,3,LoRa,125,SF12,4/5,on,-121,-5,2,0026c20b7f03bb3f403ae6040f7100d5,00,26c2,0b7f,03bb,24.8 %,45.161774773809285,5.709822858550889,00d5
2357,2015-07-08 13:01:50,867.75,0,LoRa,125,SF8,4/5,on,-120,-2.8,2,0026c00b7903c53c403af1040f7200d6,00,26c0,0b79,03c5,23.62 %,45.16189279102001,5.709844316225566,00d6
2347,2015-07-08 13:01:42,868.6,3,LoRa,125,SF11,4/5,on,-122,-6.8,2,0026bf0b7903c43f403aff040f7200d8,00,26bf,0b79,03c4,24.8 %,45.16204299474275,5.709844316225566,00d8
2341,2015-07-08 13:01:36,867.5,0,LoRa,125,SF10,4/5,on,-119,-7.8,2,0026c30b7f03b43e403aff040f7200d8,00,26c3,0b7f,03b4,24.41 %,45.16204299474275,5.709844316225566,00d8
2337,2015-07-08 13:01:31,869.4,0,LoRa,125,SF7,4/5,on,-120,-4.5,2,0026c20b7f03b640403aff040f7200d8,00,26c2,0b7f,03b6,25.2 %,45.16204299474275,5.709844316225566,00d8
2325,2015-07-08 13:01:21,867.25,0,LoRa,125,SF12,4/5,on,-122,-11.2,2,0026c20b7f03b73f403b14040f7900da,00,26c2,0b7f,03b7,24.8 %,45.16226830032686,5.709994519948306,00da
2323,2015-07-08 13:01:19,867.9,3,LoRa,125,SF7,4/5,on,-120,-2.2,2,0026c20b7903b73a403b14040f7900da,00,26c2,0b79,03b7,22.83 %,45.16226830032686,5.709994519948306,00da
2319,2015-07-08 13:01:16,867.5,3,LoRa,125,SF11,4/5,on,-118,2.2,2,0026c20b7903bb40403b14040f7900da,00,26c2,0b79,03bb,25.2 %,45.16226830032686,5.709994519948306,00da
2315,2015-07-08 13:01:12,867.1,3,LoRa,125,SF8,4/5,on,-121,-7.2,2,0026c20b7f03bb3f403b14040f7900da,00,26c2,0b7f,03bb,24.8 %,45.16226830032686,5.709994519948306,00da
2311,2015-07-08 13:01:09,867.5,3,LoRa,125,SF12,4/5,on,-122,-4.5,2,0026c20b7f03b73e403b1f040f7b00d9,00,26c2,0b7f,03b7,24.41 %,45.16238631753758,5.71003743529766,00d9
2305,2015-07-08 13:01:04,868.6,0,LoRa,125,SF11,4/5,on,-122,-4,2,0026c10b7903c63e403b1f040f7b00d9,00,26c1,0b79,03c6,24.41 %,45.16238631753758,5.71003743529766,00d9
2291,2015-07-08 13:00:51,867.9,3,LoRa,125,SF11,4/5,on,-120,-9.8,2,0026c30b7903ad3e403b37040f7a00d5,00,26c3,0b79,03ad,24.41 %,45.16264380963371,5.710015977622983,00d5
2277,2015-07-08 13:00:38,867.1,0,LoRa,125,SF11,4/5,on,-121,-11.2,2,0026c30b7903b040403b3e040f7f00d6,00,26c3,0b79,03b0,25.2 %,45.16271891149508,5.710123265996368,00d6
2267,2015-07-08 13:00:28,867.75,3,LoRa,125,SF7,4/5,on,-121,-8,2,0026c40b7903a340403b48040f8400d9,00,26c4,0b79,03a3,25.2 %,45.16282619986846,5.710230554369754,00d9
2263,2015-07-08 13:00:26,867.5,3,LoRa,125,SF11,4/5,on,-121,-3.5,2,0026c30b7903a93e403b48040f8400d9,00,26c3,0b79,03a9,24.41 %,45.16282619986846,5.710230554369754,00d9
2257,2015-07-08 13:00:20,868.75,0,LoRa,125,SF10,4/5,on,-121,-5.5,2,0026c30b7903aa3f403b58040f8400dd,00,26c3,0b79,03aa,24.8 %,45.16299786126588,5.710230554369754,00dd
2239,2015-07-08 13:00:03,867.5,3,LoRa,125,SF7,4/5,on,-120,-2.2,2,0026c40b7303b13e403b67040f8400e3,00,26c4,0b73,03b1,24.41 %,45.16315879382596,5.710230554369754,00e3
2235,2015-07-08 13:00:00,867.9,3,LoRa,125,SF11,4/5,on,-122,-3.8,2,0026c30b7303b53e403b72040f8900e8,00,26c3,0b73,03b5,24.41 %,45.16327681103668,5.710337842743139,00e8
2221,2015-07-08 12:59:48,867.1,0,LoRa,125,SF11,4/5,on,-121,-2.8,2,0026c30b7303b63f403b7d040f8e00ed,00,26c3,0b73,03b6,24.8 %,45.163394828247405,5.710445131116525,00ed
2207,2015-07-08 12:59:35,867.9,3,LoRa,125,SF11,4/5,on,-121,-8.8,2,0026c50b6603a13e403b8f040f9200f1,00,26c5,0b66,03a1,24.41 %,45.1635879473195,5.710530961815233,00f1
2203,2015-07-08 12:59:31,867.5,3,LoRa,125,SF8,4/5,on,-120,-4.5,2,0026c30b6d03a740403ba8040f9700f1,00,26c3,0b6d,03a7,25.2 %,45.16385616825296,5.710638250188619,00f1
2199,2015-07-08 12:59:28,867.1,3,LoRa,125,SF12,4/5,on,-122,-5,2,0026c50b6d03a73f403ba8040f9700f1,00,26c5,0b6d,03a7,24.8 %,45.16385616825296,5.710638250188619,00f1
2197,2015-07-08 12:59:25,869.4,0,LoRa,125,SF7,4/5,on,-121,-2,2,0026c40b6603a83f403ba8040f9700f1,00,26c4,0b66,03a8,24.8 %,45.16385616825296,5.710638250188619,00f1
2185,2015-07-08 12:59:15,867.1,0,LoRa,125,SF12,4/5,on,-121,-6.2,2,0026c50b6603a63e403baa040f9800f1,00,26c5,0b66,03a6,24.41 %,45.16387762592764,5.710659707863296,00f1
2173,2015-07-08 12:59:04,867.1,0,LoRa,125,SF10,4/5,on,-119,-2.8,2,0026c50b5a039f40403baa040f9800f1,00,26c5,0b5a,039f,25.2 %,45.16387762592764,5.710659707863296,00f1
2171,2015-07-08 12:59:02,867.1,3,LoRa,125,SF12,4/5,on,-119,-3.5,2,0026c40b6003a33f403bac040f9800f1,00,26c4,0b60,03a3,24.8 %,45.16389908360232,5.710659707863296,00f1
2169,2015-07-08 12:59:00,867.5,0,LoRa,125,SF7,4/5,on,-119,-1.2,2,0026c40b5a03a740403bac040f9800f1,00,26c4,0b5a,03a7,25.2 %,45.16389908360232,5.710659707863296,00f1
2123,2015-07-08 12:58:19,867.5,3,LoRa,125,SF11,4/5,on,-112,-3.5,2,0026c50b3b03983f403bc8040f9600f0,00,26c5,0b3b,0398,24.8 %,45.164199491047796,5.7106167925139415,00f0
2077,2015-07-08 12:57:37,867.9,0,LoRa,125,SF8,4/5,on,-114,2,2,0026c50bb8039f41403be6040fa300dd,00,26c5,0bb8,039f,25.59 %,45.16452135616795,5.710895742284744,00dd
2053,2015-07-08 12:57:16,867.1,0,LoRa,125,SF11,4/5,on,-118,-2,2,0026c30bfc03a53f403bfa040fa500dd,00,26c3,0bfc,03a5,24.8 %,45.16473593291472,5.710938657634098,00dd
2025,2015-07-08 12:56:51,868.75,0,LoRa,125,SF11,4/5,on,-120,-5,2,0026c50c0903a840403c1f040fab00dd,00,26c5,0c09,03a8,25.2 %,45.16513289989625,5.7110674036821605,00dd
2021,2015-07-08 12:56:47,867.5,0,LoRa,125,SF8,4/5,on,-121,-4.5,2,0026c40c09039d3f403c1f040fab00dd,00,26c4,0c09,039d,24.8 %,45.16513289989625,5.7110674036821605,00dd
2015,2015-07-08 12:56:41,867.1,3,LoRa,125,SF7,4/5,on,-122,-2.5,2,0026c50c0f03a53e403c2d040fad00dd,00,26c5,0c0f,03a5,24.41 %,45.16528310361899,5.711110319031515,00dd
1997,2015-07-08 12:56:26,867.25,0,LoRa,125,SF11,4/5,on,-122,-3.8,2,0026c20bfc03ac40403c39040faf00dc,00,26c2,0bfc,03ac,25.2 %,45.16541184966705,5.711153234380869,00dc
1989,2015-07-08 12:56:18,867.9,0,LoRa,125,SF12,4/5,on,-122,-3.2,2,0026c40c0303ad41403c47040fb200da,00,26c4,0c03,03ad,25.59 %,45.16556205338979,5.7112176074049,00da
1983,2015-07-08 12:56:13,867.5,3,LoRa,125,SF11,4/5,on,-118,-3,2,0026c50bfc03a240403c47040fb200da,00,26c5,0bfc,03a2,25.2 %,45.16556205338979,5.7112176074049,00da
1945,2015-07-08 12:55:38,867.9,0,LoRa,125,SF7,4/5,on,-119,-0.8,2,0026c40c2e03a73e403c76040fb900da,00,26c4,0c2e,03a7,24.41 %,45.1660663087447,5.71136781112764,00da
1937,2015-07-08 12:55:31,868.6,0,LoRa,125,SF8,4/5,on,-120,0,2,0026c40c2e039e3e403c7f040fbb00dd,00,26c4,0c2e,039e,24.41 %,45.16616286828075,5.711410726476994,00dd
1857,2015-07-08 12:54:19,867.5,0,LoRa,125,SF11,4/5,on,-120,-3.2,2,0026c30c0f03ad3d403cdb040fce00fd,00,26c3,0c0f,03ad,24.02 %,45.1671499213159,5.711818422295859,00fd
1845,2015-07-08 12:54:08,867.5,0,LoRa,125,SF9,4/5,on,-120,-8.2,2,0026bf0c1503bb3d403ce8040fd200fe,00,26bf,0c15,03bb,24.02 %,45.1672893962013,5.711904252994567,00fe
1833,2015-07-08 12:53:56,869.25,0,LoRa,125,SF7,4/5,on,-121,-4,2,0026c10c0903a240403cec040fd200fd,00,26c1,0c09,03a2,25.2 %,45.16733231155065,5.711904252994567,00fd
1695,2015-07-08 12:51:53,868.75,3,LoRa,125,SF12,4/5,on,-120,-5.8,2,0026c80c5a038540403d88040fea00d7,00,26c8,0c5a,0385,25.2 %,45.169006010175465,5.712419237186817,00d7
1690,2015-07-08 12:51:48,869.4,0,LoRa,125,SF10,4/5,on,-119,2.5,2,0026c90c5a038040403d88040fea00d7,00,26c9,0c5a,0380,25.2 %,45.169006010175465,5.712419237186817,00d7
1682,2015-07-08 12:51:41,867.5,0,LoRa,125,SF11,4/5,on,-121,-8.5,2,0026c90c5a037a41403d94040ff100d4,00,26c9,0c5a,037a,25.59 %,45.16913475622353,5.712569440909557,00d4
1650,2015-07-08 12:51:12,867.9,0,LoRa,125,SF8,4/5,on,-115,0,2,0026c70c5a038f40403d9a040ff600d4,00,26c7,0c5a,038f,25.2 %,45.16919912924756,5.712676729282943,00d4
1648,2015-07-08 12:51:10,867.5,3,LoRa,125,SF10,4/5,on,-120,-0.2,2,0026c70c5a03963f403d9c040ff700d4,00,26c7,0c5a,0396,24.8 %,45.169220586922236,5.71269818695762,00d4
1562,2015-07-08 12:49:52,868.75,0,LoRa,125,SF12,4/5,on,-124,-12.8,2,0026cc0c4e035a3e403f5504104300e7,00,26cc,0c4e,035a,24.41 %,45.173952004188536,5.714328970233079,00e7
1556,2015-07-08 12:49:47,867.9,3,LoRa,125,SF11,4/5,on,-122,-9.5,2,0026ca0c4e037240403f5504104300e7,00,26ca,0c4e,0372,25.2 %,45.173952004188536,5.714328970233079,00e7
1542,2015-07-08 12:49:35,867.1,0,LoRa,125,SF11,4/5,on,-122,-13.5,2,0026cd0c4e03673e403f5904104600e9,00,26cd,0c4e,0367,24.41 %,45.17399491953789,5.71439334325711,00e9
1514,2015-07-08 12:49:09,867.25,0,LoRa,125,SF11,4/5,on,-120,-3.8,2,0026cc0c4703613e40403904106b00fe,00,26cc,0c47,0361,24.41 %,45.176398179101724,5.715187277220163,00fe
1502,2015-07-08 12:48:58,867.25,0,LoRa,125,SF9,4/5,on,-122,-1.5,2,0026cd0c4703583e4040af0410840102,00,26cd,0c47,0358,24.41 %,45.17766418190767,5.71572371908709,0102
1500,2015-07-08 12:48:57,867.5,3,LoRa,125,SF11,4/5,on,-122,-4.2,2,0026cc0c4e035d404040af0410840102,00,26cc,0c4e,035d,25.2 %,45.17766418190767,5.71572371908709,0102
1472,2015-07-08 12:48:32,867.9,3,LoRa,125,SF11,4/5,on,-122,-11.2,2,0026cc0c47035c3f4041740410b10107,00,26cc,0c47,035c,24.8 %,45.17977776286337,5.716689314447559,0107
1452,2015-07-08 12:48:13,867.5,3,LoRa,125,SF10,4/5,on,-120,-5,2,0026cd0c4e035d3e4041740410b10107,00,26cd,0c4e,035d,24.41 %,45.17977776286337,5.716689314447559,0107
1446,2015-07-08 12:48:08,867.9,0,LoRa,125,SF9,4/5,on,-120,-6,2,0026cc0c5403623f4041740410b10107,00,26cc,0c54,0362,24.8 %,45.17977776286337,5.716689314447559,0107
1444,2015-07-08 12:48:06,867.75,3,LoRa,125,SF11,4/5,on,-124,-4.5,2,0026cb0c540366414041740410b10107,00,26cb,0c54,0366,25.59 %,45.17977776286337,5.716689314447559,0107
1440,2015-07-08 12:48:02,867.9,3,LoRa,125,SF8,4/5,on,-119,-0.8,2,0026cb0c5403653f4041740410b10107,00,26cb,0c54,0365,24.8 %,45.17977776286337,5.716689314447559,0107
1434,2015-07-08 12:47:56,868.75,0,LoRa,125,SF7,4/5,on,-120,-1.5,2,0026cb0c5a036b3f4041740410b10107,00,26cb,0c5a,036b,24.8 %,45.17977776286337,5.716689314447559,0107
1412,2015-07-08 12:47:37,867.1,3,LoRa,125,SF8,4/5,on,-119,1.5,2,0026c80c67036d414041740410b10107,00,26c8,0c67,036d,25.59 %,45.17977776286337,5.716689314447559,0107
1394,2015-07-08 12:47:21,867.1,0,LoRa,125,SF12,4/5,on,-120,-1.2,2,0026cb0c6d0372404041750410b10107,00,26cb,0c6d,0372,25.2 %,45.179788491700705,5.716689314447559,0107
1388,2015-07-08 12:47:16,867.9,3,LoRa,125,SF11,4/5,on,-117,3,2,0026cb0c67036e3e4041750410b10107,00,26cb,0c67,036e,24.41 %,45.179788491700705,5.716689314447559,0107
1384,2015-07-08 12:47:11,867.5,3,LoRa,125,SF8,4/5,on,-116,4.2,2,0026cb0c6d03723e4041750410b10107,00,26cb,0c6d,0372,24.41 %,45.179788491700705,5.716689314447559,0107
1374,2015-07-08 12:47:03,867.5,0,LoRa,125,SF11,4/5,on,-116,0.2,2,0026cb0c6d036d404041750410b10107,00,26cb,0c6d,036d,25.2 %,45.179788491700705,5.716689314447559,0107
1368,2015-07-08 12:46:58,867.1,3,LoRa,125,SF10,4/5,on,-124,-4.8,2,0026cc0c7303633f4041750410b10107,00,26cc,0c73,0363,24.8 %,45.179788491700705,5.716689314447559,0107
1366,2015-07-08 12:46:55,867.1,0,LoRa,125,SF12,4/5,on,-119,2.5,2,0026cc0c7903663f4041750410b10107,00,26cc,0c79,0366,24.8 %,45.179788491700705,5.716689314447559,0107
1364,2015-07-08 12:46:53,867.9,3,LoRa,125,SF7,4/5,on,-116,1.8,2,0026cc0c7903623e4041750410b10107,00,26cc,0c79,0362,24.41 %,45.179788491700705,5.716689314447559,0107
1362,2015-07-08 12:46:52,867.1,0,LoRa,125,SF9,4/5,on,-121,1,2,0026cd0c73035f404041750410b10107,00,26cd,0c73,035f,25.2 %,45.179788491700705,5.716689314447559,0107
1360,2015-07-08 12:46:50,867.9,3,LoRa,125,SF11,4/5,on,-108,7.8,2,0026cc0c7303583f4041750410b10107,00,26cc,0c73,0358,24.8 %,45.179788491700705,5.716689314447559,0107
1356,2015-07-08 12:46:46,867.9,3,LoRa,125,SF8,4/5,on,-120,-0.8,2,0026ca0c79036c3e4041750410b10107,00,26ca,0c79,036c,24.41 %,45.179788491700705,5.716689314447559,0107
1352,2015-07-08 12:46:43,867.25,3,LoRa,125,SF12,4/5,on,-120,-1.2,2,0026cb0c80036d3d4041750410b10107,00,26cb,0c80,036d,24.02 %,45.179788491700705,5.716689314447559,0107
1336,2015-07-08 12:46:28,867.9,3,LoRa,125,SF7,4/5,on,-113,5.8,2,0026cb0c80036b3e4041750410b10107,00,26cb,0c80,036b,24.41 %,45.179788491700705,5.716689314447559,0107
1322,2015-07-08 12:46:15,867.9,0,LoRa,125,SF7,4/5,on,-119,1.8,2,0026cc0c80036b404041750410b10107,00,26cc,0c80,036b,25.2 %,45.179788491700705,5.716689314447559,0107
1320,2015-07-08 12:46:14,867.9,3,LoRa,125,SF9,4/5,on,-118,4,2,0026cb0c800368414041750410b10107,00,26cb,0c80,0368,25.59 %,45.179788491700705,5.716689314447559,0107
1318,2015-07-08 12:46:13,867.1,0,LoRa,125,SF11,4/5,on,-124,-0.5,2,0026cb0c79036a3f4041750410b10107,00,26cb,0c79,036a,24.8 %,45.179788491700705,5.716689314447559,0107
1314,2015-07-08 12:46:08,867.9,0,LoRa,125,SF8,4/5,on,-115,3.2,2,0026cb0c8003653f4041750410b10107,00,26cb,0c80,0365,24.8 %,45.179788491700705,5.716689314447559,0107
1308,2015-07-08 12:46:02,867.1,3,LoRa,125,SF7,4/5,on,-119,2.2,2,0026cd0c8603663d4041750410b10107,00,26cd,0c86,0366,24.02 %,45.179788491700705,5.716689314447559,0107
1306,2015-07-08 12:46:01,867.25,0,LoRa,125,SF9,4/5,on,-120,-5,2,0026cc0c80035f404041750410b10107,00,26cc,0c80,035f,25.2 %,45.179788491700705,5.716689314447559,0107
1304,2015-07-08 12:46:00,867.9,3,LoRa,125,SF11,4/5,on,-121,-0.5,2,0026cc0c8003623d4041750410b10107,00,26cc,0c80,0362,24.02 %,45.179788491700705,5.716689314447559,0107
1294,2015-07-08 12:45:50,867.1,0,LoRa,125,SF7,4/5,on,-113,5.8,2,0026cb0c8603643f4041750410b10107,00,26cb,0c86,0364,24.8 %,45.179788491700705,5.716689314447559,0107
1290,2015-07-08 12:45:47,867.1,0,LoRa,125,SF11,4/5,on,-120,1.8,2,0026cb0c800371404041750410b10107,00,26cb,0c80,0371,25.2 %,45.179788491700705,5.716689314447559,0107
1284,2015-07-08 12:45:42,867.75,3,LoRa,125,SF10,4/5,on,-115,3.2,2,0026cb0c8003783f4041750410b10107,00,26cb,0c80,0378,24.8 %,45.179788491700705,5.716689314447559,0107
1278,2015-07-08 12:45:36,867.1,0,LoRa,125,SF9,4/5,on,-121,-1.5,2,0026cb0c8003733f4041750410b10107,00,26cb,0c80,0373,24.8 %,45.179788491700705,5.716689314447559,0107
1272,2015-07-08 12:45:30,867.9,3,LoRa,125,SF8,4/5,on,-115,4.8,2,0026cc0c8003643f4041720410b00105,00,26cc,0c80,0364,24.8 %,45.17975630518869,5.716667856772882,0105
1270,2015-07-08 12:45:29,867.1,0,LoRa,125,SF10,4/5,on,-115,-0.5,2,0026cb0c8003693d4041720410b00105,00,26cb,0c80,0369,24.02 %,45.17975630518869,5.716667856772882,0105
1266,2015-07-08 12:45:24,867.1,0,LoRa,125,SF7,4/5,on,-111,7.2,2,0026cc0c8003693f4041720410b00105,00,26cc,0c80,0369,24.8 %,45.17975630518869,5.716667856772882,0105
1244,2015-07-08 12:45:05,867.5,3,LoRa,125,SF8,4/5,on,-114,3.5,2,0026cb0c8603673c4041840410ae0102,00,26cb,0c86,0367,23.62 %,45.17994942426078,5.716624941423528,0102
1236,2015-07-08 12:44:58,867.9,3,LoRa,125,SF9,4/5,on,-120,2.5,2,0026c90c8c03723d40419a0410a600fd,00,26c9,0c8c,0372,24.02 %,45.18018545868223,5.716453280026111,00fd
1230,2015-07-08 12:44:52,867.1,0,LoRa,125,SF8,4/5,on,-120,0.5,2,0026cc0c8603733f40419a0410a600fd,00,26cc,0c86,0373,24.8 %,45.18018545868223,5.716453280026111,00fd
1222,2015-07-08 12:44:46,867.5,0,LoRa,125,SF9,4/5,on,-115,6,2,0026ca0c8c037d3d4041be04109b00ef,00,26ca,0c8c,037d,24.02 %,45.18057169682642,5.716217245604663,00ef
1216,2015-07-08 12:44:40,867.9,3,LoRa,125,SF8,4/5,on,-122,-5.8,2,0026ca0c8c03793e4041c004109a00e1,00,26ca,0c8c,0379,24.41 %,45.180593154501096,5.716195787929986,00e1
1212,2015-07-08 12:44:36,867.9,3,LoRa,125,SF12,4/5,on,-118,-1.5,2,0026ca0c9f03703c4041c004109a00e1,00,26ca,0c9f,0370,23.62 %,45.180593154501096,5.716195787929986,00e1
1202,2015-07-08 12:44:27,867.9,0,LoRa,125,SF8,4/5,on,-119,-1.5,2,0026c90cb803813e4041b204109400d6,00,26c9,0cb8,0381,24.41 %,45.18044295077836,5.7160670418819235,00d6
1198,2015-07-08 12:44:24,867.5,0,LoRa,125,SF12,4/5,on,-120,0.5,2,0026ca0cb203763e4041b204109400d6,00,26ca,0cb2,0376,24.41 %,45.18044295077836,5.7160670418819235,00d6
1184,2015-07-08 12:44:11,867.9,3,LoRa,125,SF12,4/5,on,-122,4.2,2,0026cb0d09036c3e4041b104108c00cf,00,26cb,0d09,036c,24.41 %,45.18043222194102,5.715895380484507,00cf
1174,2015-07-08 12:44:02,867.25,0,LoRa,125,SF8,4/5,on,-119,-1.5,2,0026c90d2f037b3e4041b104108c00cf,00,26c9,0d2f,037b,24.41 %,45.18043222194102,5.715895380484507,00cf
1168,2015-07-08 12:43:56,867.9,3,LoRa,125,SF7,4/5,on,-121,-3.8,2,0026c90d2f03763d4041b104108c00cf,00,26c9,0d2f,0376,24.02 %,45.18043222194102,5.715895380484507,00cf
1166,2015-07-08 12:43:55,868.75,0,LoRa,125,SF9,4/5,on,-121,0.2,2,0026c90d2f037a3f4041b104108c00cf,00,26c9,0d2f,037a,24.8 %,45.18043222194102,5.715895380484507,00cf
1156,2015-07-08 12:43:46,867.9,3,LoRa,125,SF12,4/5,on,-115,-1.8,2,0026ca0d2f0378404041b104108c00cf,00,26ca,0d2f,0378,25.2 %,45.18043222194102,5.715895380484507,00cf
1150,2015-07-08 12:43:41,867.1,0,LoRa,125,SF11,4/5,on,-116,3,2,0026c90d280377404041b104108c00cf,00,26c9,0d28,0377,25.2 %,45.18043222194102,5.715895380484507,00cf
1146,2015-07-08 12:43:37,867.1,0,LoRa,125,SF8,4/5,on,-119,3,2,0026c90d28037a414041b104108c00cf,00,26c9,0d28,037a,25.59 %,45.18043222194102,5.715895380484507,00cf
1112,2015-07-08 12:43:05,868.75,3,LoRa,125,SF7,4/5,on,-120,-5,2,0026ca0d2803773f4041b204108c00cf,00,26ca,0d28,0377,24.8 %,45.18044295077836,5.715895380484507,00cf
1108,2015-07-08 12:43:03,867.9,3,LoRa,125,SF11,4/5,on,-122,0,2,0026cb0d1c036f404041b204108c00cf,00,26cb,0d1c,036f,25.2 %,45.18044295077836,5.715895380484507,00cf
1100,2015-07-08 12:42:55,867.9,3,LoRa,125,SF12,4/5,on,-121,-4.8,2,0026cb0d2803733d4041b404109a00d0,00,26cb,0d28,0373,24.02 %,45.180464408453034,5.716195787929986,00d0
1086,2015-07-08 12:42:43,867.25,0,LoRa,125,SF12,4/5,on,-120,-6,2,0026cd0d2203683d4041be0410d200d5,00,26cd,0d22,0368,24.02 %,45.18057169682642,5.717397417711903,00d5
1010,2015-07-08 12:41:34,867.1,0,LoRa,125,SF11,4/5,on,-122,-13.2,2,0026c50d0f03963d4041d304116100d4,00,26c5,0d0f,0396,24.02 %,45.18079700241053,5.720465865190729,00d4
785,2015-07-08 12:38:11,869.4,3,LoRa,125,SF12,4/5,on,-122,-11.8,2,0026ce0cf0035a3d40433704136900d3,00,26ce,0cf0,035a,24.02 %,45.18461646850305,5.731623856022818,00d3
611,2015-07-08 12:35:34,867.1,0,LoRa,125,SF11,4/5,on,-122,-4,2,0026cc0cc4035e3e4043f804143000cc,00,26cc,0cc4,035e,24.41 %,45.18668713410939,5.73589393328356,00cc
575,2015-07-08 12:35:01,867.1,0,LoRa,125,SF12,4/5,on,-121,-11.8,2,0026cd0cbe035c3e40445004149400cb,00,26cd,0cbe,035c,24.41 %,45.18763127179518,5.738039700751269,00cb
555,2015-07-08 12:34:44,867.1,0,LoRa,125,SF11,4/5,on,-122,-10.2,2,0026cc0cb803654040445004149400cc,00,26cc,0cb8,0365,25.2 %,45.18763127179518,5.738039700751269,00cc
549,2015-07-08 12:34:38,867.25,3,LoRa,125,SF10,4/5,on,-122,-12.8,2,0026cd0cb803653f4044560414a000cb,00,26cd,0cb8,0365,24.8 %,45.187695644819215,5.738297192847394,00cb
142,2015-07-08 12:28:31,867.9,3,LoRa,125,SF11,4/5,on,-122,-10.5,2,0026cb0c2203703c000000000000ffff,00,26cb,0c22,0370,23.62 %,0.0,0.0,ffff
86,2015-07-08 12:27:40,867.5,3,LoRa,125,SF11,4/5,on,-122,-7.5,2,0026c90c03037a3c000000000000ffff,00,26c9,0c03,037a,23.62 %,0.0,0.0,ffff
72,2015-07-08 12:27:28,867.1,0,LoRa,125,SF11,4/5,on,-118,-4.2,2,0026cc0bf603643d000000000000ffff,00,26cc,0bf6,0364,24.02 %,0.0,0.0,ffff
